,CBR,Drop Rate %,RTT (Sec),TCP,TCP Start (Sec),Throughput (Mbps),Time (Sec)
0,0.0,0.0,0.06575564569138069,Agent/TCP,4.123904,2.621923504471192,19.99976
1,0.0,0.0,0.06575721593291199,Agent/TCP,4.827161,2.617741482699448,19.987833
2,0.0,0.0,0.06575706722337998,Agent/TCP,4.769037,2.6179090108402505,19.992301
3,0.0,0.0,0.06575229809234952,Agent/TCP,2.210811,2.6238853600577086,19.999515
4,0.0,0.0,0.06575243266787452,Agent/TCP,2.498716,2.6242712313162313,19.999468
5,0.0,0.0,0.0657569197505177,Agent/TCP,4.695832,2.6161652174003955,19.999208
6,0.0,0.0,0.06574904555734848,Agent/TCP,0.389782,2.6269776886200376,19.994486
7,0.0,0.0,0.06575870700372774,Agent/TCP,4.65454,2.6188078033928703,19.99966
8,0.0,0.0,0.06575458796116297,Agent/TCP,3.635722,2.6207051777623382,19.985642
9,0.0,0.0,0.0657569197505177,Agent/TCP,4.676374,2.6233840298225286,19.994726
10,0.5,0.0,0.0657727939037055,Agent/TCP,1.658075,2.6263954786834134,19.999989
11,0.5,0.0,0.0657751206132245,Agent/TCP,2.784256,2.6242973959590694,19.9995
12,0.5,0.0,0.0657721265346522,Agent/TCP,3.91647,2.6240237836430964,19.992056
13,0.5,0.0,0.06576924674666146,Agent/TCP,1.21662,2.626686395506739,19.999951
14,0.5,0.0,0.06577396989898894,Agent/TCP,4.25897,2.618212314745785,19.988909
15,0.5,0.0,0.06577651915789358,Agent/TCP,4.89237,2.6165010500677854,19.996633
16,0.5,0.0,0.06577159204339868,Agent/TCP,2.432946,2.6230084562051643,19.999218
17,0.5,0.0,0.06576926265989055,Agent/TCP,1.893715,2.6238865228860857,19.999498
18,0.5,0.0,0.06576971810193236,Agent/TCP,1.924132,2.626510918023276,19.999153
19,0.5,0.0,0.06577335258799125,Agent/TCP,4.620133,2.620049719333892,19.999261
20,1.0,0.0,0.06577896925996166,Agent/TCP,3.243885,2.6218834862221048,19.998985
21,1.0,0.0,0.0657806845401177,Agent/TCP,3.755931,2.6191224091319176,19.988666
22,1.0,0.0,0.06578143336868056,Agent/TCP,2.026113,2.6247870390668555,19.998893
23,1.0,0.0,0.06578315584158362,Agent/TCP,3.9201,2.6236134866682006,19.9982
24,1.0,0.0,0.06578023027681613,Agent/TCP,1.647948,2.6250876516507065,19.999
25,1.0,0.0,0.06577586818950891,Agent/TCP,1.230801,2.6282229424571684,19.999985
26,1.0,0.0,0.06577491440536043,Agent/TCP,1.042302,2.628547259310823,19.999085
27,1.0,0.0,0.06578584884696058,Agent/TCP,4.81375,2.616715098208209,19.999446
28,1.0,0.0,0.06577396861788559,Agent/TCP,0.494448,2.6255422335098664,19.99896
29,1.0,0.0,0.06579264382987587,Agent/TCP,4.787712,2.619813733664751,19.999908
30,1.5,0.0,0.0657844458119658,Agent/TCP,1.440334,2.623536566782802,19.992513
31,1.5,0.0,0.06579535158562365,Agent/TCP,4.942783,2.6148595766657685,19.999255
32,1.5,0.0,0.06578857505856917,Agent/TCP,2.386644,2.6217586862045836,19.999371
33,1.5,0.0,0.06578222216905902,Agent/TCP,0.100587,2.6291158897480047,19.999474
34,1.5,0.0,0.06579997082117574,Agent/TCP,4.716376,2.6185849787474615,19.999256
35,1.5,0.0,0.06578603467925777,Agent/TCP,0.517176,2.6264146635640726,19.99937
36,1.5,0.0,0.06578549038619562,Agent/TCP,0.700971,2.6255998514258803,19.999083
37,1.5,0.0,0.06578518297872371,Agent/TCP,0.623038,2.6240614037668233,19.999048
38,1.5,0.0,0.0657853346580559,Agent/TCP,0.833593,2.626436910554258,19.998843
39,1.5,0.0,0.06579575052192053,Agent/TCP,4.744344,2.617929962675,19.999267
40,2.0,0.0,0.06580096628131041,Agent/TCP,3.475884,2.623564552701137,19.99826
41,2.0,0.0,0.06579515768566546,Agent/TCP,1.628814,2.6227274751592016,19.99638
42,2.0,0.0,0.06580755095137446,Agent/TCP,4.947148,2.6148676331034384,19.99721
43,2.0,0.0,0.0658006422700591,Agent/TCP,3.72654,2.6231078274982256,19.998048
44,2.0,0.0,0.06579090450751267,Agent/TCP,0.982476,2.6261000487230635,19.998111
45,2.0,0.0,0.065797103743316,Agent/TCP,2.176603,2.6230252856351908,19.999687
46,2.0,0.0,0.06579919872029265,Agent/TCP,2.619138,2.6213126873146413,19.999987
47,2.0,0.0,0.06580575228111102,Agent/TCP,3.598163,2.622757943505371,19.998731
48,2.0,0.0,0.06579329392587535,Agent/TCP,1.508978,2.6232854527695078,19.999501
49,2.0,0.0,0.0657919602584818,Agent/TCP,0.343376,2.629013304860402,19.996194
50,2.5,0.0,0.06581078242368181,Agent/TCP,2.823655,2.6206854470874634,19.999131
51,2.5,0.0,0.06580420530973471,Agent/TCP,2.048818,2.62299538750758,19.998983
52,2.5,0.0,0.06581929289704742,Agent/TCP,4.033094,2.6211154962773824,19.999548
53,2.5,0.0,0.06580156605030818,Agent/TCP,0.949165,2.624895549634908,19.998883
54,2.5,0.0,0.06580165318107624,Agent/TCP,0.538448,2.627094693904564,19.999764
55,2.5,0.0,0.06581367406803859,Agent/TCP,4.38591,2.616351247424735,19.999838
56,2.5,0.0,0.06580627743119279,Agent/TCP,2.692067,2.620066060514871,19.998623
57,2.5,0.0,0.06580801731123392,Agent/TCP,2.729809,2.623185015506551,19.999929
58,2.5,0.0,0.06580557750439328,Agent/TCP,1.90931,2.625740540403088,19.99914
59,2.5,0.0,0.06580838894888388,Agent/TCP,2.335905,2.6237883808439135,19.998427
60,3.0,0.0,0.0658106513866227,Agent/TCP,0.551394,2.6243202235078003,19.998411
61,3.0,0.0,0.06581067351524847,Agent/TCP,0.230518,2.625725113458632,19.999838
62,3.0,0.0,0.06581864711207652,Agent/TCP,2.450042,2.6216762460676213,19.999852
63,3.0,0.0,0.06581352974358927,Agent/TCP,1.411879,2.6252590108053533,19.999424
64,3.0,0.0,0.06582441469979307,Agent/TCP,4.607359,2.618441867782537,19.999108
65,3.0,0.0,0.06581851763602196,Agent/TCP,3.038222,2.622426879700999,19.999244
66,3.0,0.0,0.06582166084788019,Agent/TCP,0.894357,2.6260093952348815,19.999361
67,3.0,0.0,0.06582111974354107,Agent/TCP,3.137719,2.620166450580651,19.99906
68,3.0,0.0,0.06582245613058796,Agent/TCP,2.843811,2.6237821116098576,19.999016
69,3.0,0.0,0.06581464703770173,Agent/TCP,2.28671,2.6238819698445615,19.999336
70,3.5,0.0,0.0658372593631086,Agent/TCP,4.090824,2.620456974636144,19.99779
71,3.5,0.0,0.06583705136268342,Agent/TCP,4.811957,2.614289087458545,19.999015
72,3.5,0.020475020475020478,0.06615586443118743,Agent/TCP,4.133116,2.5515732356269236,19.99997
73,3.5,0.0,0.06582443585982076,Agent/TCP,0.51801,2.6265777950436178,19.998994
74,3.5,0.0,0.06583811319201521,Agent/TCP,4.520506,2.6176684636249195,19.999441
75,3.5,0.0,0.06582886910420498,Agent/TCP,2.622779,2.6195427535427878,19.999491
76,3.5,0.035797386790764274,0.06672422397986714,Agent/TCP,1.454464,2.49946520194282,19.998847
77,3.5,0.0,0.06583856817222472,Agent/TCP,4.898072,2.616987221828993,19.999529
78,3.5,0.0,0.06584064867680803,Agent/TCP,4.707127,2.6171489005553887,19.998393
79,3.5,0.0,0.0658406337909191,Agent/TCP,4.902798,2.617885537988676,19.999073
80,4.0,0.0,0.06584195029126226,Agent/TCP,3.605784,2.6189496657281968,19.998432
81,4.0,0.0,0.0658444767575876,Agent/TCP,3.43959,2.61773032513648,19.99879
82,4.0,0.09386146048432514,0.06664720944287074,Agent/TCP,1.832874,2.435110835905678,19.999505
83,4.0,0.0,0.06583329515559867,Agent/TCP,0.20491,2.6270412932480958,19.999163
84,4.0,0.0,0.06584755136013033,Agent/TCP,4.316328,2.6155501127702325,19.998658
85,4.0,0.0,0.06583914754098387,Agent/TCP,2.556437,2.619637466046123,19.999217
86,4.0,0.0,0.06584426175518764,Agent/TCP,3.277361,2.6215079495166687,19.99995
87,4.0,0.0,0.06583192050822625,Agent/TCP,0.509877,2.625481698324249,19.998994
88,4.0,0.0,0.06583255591054316,Agent/TCP,1.120763,2.6223101617093176,19.998896
89,4.0,0.0,0.06584936025369983,Agent/TCP,4.929543,2.614593960477179,19.997091
90,4.5,0.0,0.06583849706362155,Agent/TCP,0.534096,2.6244930774116524,19.998853
91,4.5,0.0,0.06584942441229688,Agent/TCP,2.415892,2.620925512331029,19.999299
92,4.5,0.0,0.06584134448105422,Agent/TCP,0.723673,2.623862102603894,19.999686
93,4.5,0.10407993338884262,0.0662212208010068,Agent/TCP,4.323828,2.5407659305505073,19.999479
94,4.5,0.0,0.0658492180529138,Agent/TCP,1.625098,2.6217668421146585,19.999394
95,4.5,0.0,0.06585042951503572,Agent/TCP,1.707189,2.624062283319718,19.998828
96,4.5,0.0,0.06584149644670093,Agent/TCP,1.217126,2.623907767339228,19.998152
97,4.5,0.0,0.06584029341894064,Agent/TCP,0.224493,2.6249133141654437,19.999927
98,4.5,0.08678672163159037,0.06643529167577032,Agent/TCP,4.550198,2.472130760411024,19.998054
99,4.5,0.0,0.065861035373609,Agent/TCP,3.966199,2.619005593475887,19.999521
100,5.0,0.03832151753209427,0.06615098806085122,Agent/TCP,3.059193,2.5550836180976195,19.998349
101,5.0,0.0,0.06586235063520886,Agent/TCP,2.478697,2.6202473712389796,19.999974
102,5.0,0.032383419689119175,0.06609403170216209,Agent/TCP,0.067299,2.5734552869900402,19.998914
103,5.0,0.08229098090849243,0.06611193061765203,Agent/TCP,0.369806,2.5701695020592052,19.999951
104,5.0,0.0,0.06585889876208281,Agent/TCP,1.259526,2.624040796516116,19.998381
105,5.0,0.0,0.06586810023400973,Agent/TCP,3.678479,2.61678300896885,19.998854
106,5.0,0.0,0.06585789791304374,Agent/TCP,1.733618,2.6209398606599192,19.999432
107,5.0,0.0,0.06586009946773135,Agent/TCP,0.89234,2.624189562300965,19.997911
108,5.0,0.0,0.06585935004492355,Agent/TCP,2.30717,2.6198828082343075,19.999198
109,5.0,0.0,0.06585462984976072,Agent/TCP,0.758904,2.6247857276725144,19.999606
110,5.5,0.017412502176562775,0.06612102814685314,Agent/TCP,1.428076,2.566194611039133,19.999263
111,5.5,0.042689434364994665,0.06640083794805735,Agent/TCP,4.717204,2.545182240511461,19.999536
112,5.5,0.0,0.06588997265624973,Agent/TCP,4.498364,2.613857507881655,19.999867
113,5.5,0.0,0.06586664145793207,Agent/TCP,0.227493,2.623360090150943,19.998778
114,5.5,0.10824463287028685,0.06626662459135499,Agent/TCP,1.621381,2.5025656405972403,19.999832
115,5.5,0.0,0.0658723237584357,Agent/TCP,1.627575,2.6221280317922635,19.99934
116,5.5,0.07122507122507123,0.06610714500537072,Agent/TCP,1.812139,2.5628671144370165,19.998396
117,5.5,0.021701388888888888,0.06622904711014173,Agent/TCP,4.981093,2.5447406339769776,19.997979
118,5.5,0.0,0.06588802127211431,Agent/TCP,4.865443,2.6135559382548594,19.99946
119,5.5,0.019054878048780487,0.06615828344497578,Agent/TCP,2.981622,2.5580220755699226,19.998895
120,6.0,0.0,0.06590958253836579,Agent/TCP,4.621153,2.6139427788359693,19.998016
121,6.0,0.049586776859504134,0.06612259216207247,Agent/TCP,0.448731,2.5687059419748857,19.999369
122,6.0,0.0,0.06588720651050634,Agent/TCP,1.542093,2.6208447224487252,19.999043
123,6.0,0.060313630880579006,0.06617638394662355,Agent/TCP,3.818437,2.5510641259264912,19.998289
124,6.0,0.0,0.06590407723895174,Agent/TCP,3.704607,2.6168606058404156,19.999063
125,6.0,0.04132231404958678,0.06640471022019111,Agent/TCP,4.236108,2.5467560807091427,19.999031
126,6.0,0.05068423720223011,0.06610909572301404,Agent/TCP,0.867298,2.5679629246808924,19.999163
127,6.0,0.0,0.0658988307222008,Agent/TCP,3.328924,2.6177473479384004,19.999257
128,6.0,0.041025641025641026,0.066289106207465,Agent/TCP,4.155231,2.5525470884129344,19.999734
129,6.0,0.0,0.06588432697054468,Agent/TCP,0.690157,2.6227654012535107,19.999608
130,6.5,0.13133208255159476,0.06694031860245507,Agent/TCP,1.387876,2.3747934502449364,19.998404
131,6.5,0.0,0.06590746060196155,Agent/TCP,1.19382,2.621071258114735,19.998345
132,6.5,0.05475451724767294,0.06616029732208369,Agent/TCP,2.238756,2.5600742306397324,19.999616
133,6.5,0.0,0.06590236037491962,Agent/TCP,0.336079,2.622576512293353,19.999063
134,6.5,0.8002207505518764,0.07200135720350939,Agent/TCP,0.34303,1.5170537801344464,19.999024
135,6.5,0.0,0.06592616422054759,Agent/TCP,3.928106,2.614876669475388,19.999472
136,6.5,0.07458512026850643,0.06620272616366363,Agent/TCP,2.608494,2.558685262428137,19.99855
137,6.5,0.0,0.06593209089097006,Agent/TCP,4.002793,2.6148044021282306,19.998238
138,6.5,0.0,0.0659279976152624,Agent/TCP,3.956335,2.6151118672709988,19.997622
139,6.5,0.0,0.06590870141770405,Agent/TCP,1.601607,2.620378018164636,19.998342
140,7.0,1.5527950310559007,0.07821466234967649,Agent/TCP,3.345666,1.109600037038618,19.976956
141,7.0,2.0460358056265986,0.08380799407008079,Agent/TCP,1.891493,0.8790148438354288,19.998673
142,7.0,0.08254230293025176,0.06626163723249555,Agent/TCP,4.168032,2.538427379646176,19.999062
143,7.0,3.7491479209270624,0.09231641110277558,Agent/TCP,0.56554,0.6025436317523368,19.9803
144,7.0,0.04147656574035669,0.06630305045871566,Agent/TCP,4.271892,2.5434425266926204,19.999741
145,7.0,0.0171939477303989,0.06623234593474883,Agent/TCP,1.163094,2.5637344677496627,19.998742
146,7.0,0.0,0.06597807823800145,Agent/TCP,0.640747,2.618921848393626,19.997598
147,7.0,0.0,0.06599452675294556,Agent/TCP,3.487229,2.6132043498494495,19.998697
148,7.0,0.03518029903254178,0.06631538734758798,Agent/TCP,1.588498,2.5633477366981623,19.998548
149,7.0,0.10170870626525631,0.0669086481671102,Agent/TCP,3.490278,2.4688817025883094,19.999777
150,7.5,2.571428571428571,0.08831559548505181,Agent/TCP,0.494759,0.7227748433083584,19.995161
151,7.5,0.11084426380934788,0.07044818193644274,Agent/TCP,0.08853,2.2544973577660548,19.998387
152,7.5,0.07320644216691069,0.06937899429307817,Agent/TCP,1.457536,2.4450584535943696,19.999424
153,7.5,4.725168756027001,0.09468196405228753,Agent/TCP,4.564473,0.5321273742449147,19.997169
154,7.5,0.13006720138738348,0.06980711596418444,Agent/TCP,3.485854,2.315545432729324,19.999907
155,7.5,1.632498101746393,0.07993816171224706,Agent/TCP,0.300814,1.093520779727507,19.999388
156,7.5,0.15027908973808501,0.07029211715028162,Agent/TCP,3.300901,2.31162940622014,19.997695
157,7.5,0.21321961620469082,0.07046106650717675,Agent/TCP,3.692635,2.1431659000306653,19.997635
158,7.5,0.022232103156958647,0.06994559039106163,Agent/TCP,4.52339,2.411691390313997,19.999599
159,7.5,0.09109542245502164,0.06941875550458695,Agent/TCP,4.965611,2.4214038510892295,19.998345
160,8.0,0.8686587908269632,0.07669282628774407,Agent/TCP,4.282322,1.511166660966905,19.984733
161,8.0,0.776023548300776,0.07785849273375371,Agent/TCP,0.30432,1.5647369973405016,19.999387
162,8.0,0.9084556254367574,0.07651559569120286,Agent/TCP,4.060063,1.4782892330062103,19.999136
163,8.0,0.5379959650302623,0.07603689859540938,Agent/TCP,4.898533,1.6227330121694117,19.998195
164,8.0,1.2644508670520231,0.0784781179333583,Agent/TCP,1.668145,1.2387088439564882,19.998199
165,8.0,0.9965635738831614,0.0772299194749913,Agent/TCP,4.41741,1.5334860956395746,19.999788
166,8.0,0.6632653061224489,0.0770554426017104,Agent/TCP,0.126725,1.6294589358158404,19.999432
167,8.0,2.099737532808399,0.08371729219701153,Agent/TCP,0.898481,0.8120697457993606,19.996348
168,8.0,0.9716599190283401,0.07692263061564064,Agent/TCP,0.143874,1.535535089007723,19.996758
169,8.0,0.6856540084388186,0.07726911349610947,Agent/TCP,0.891551,1.6409570412450418,19.981094
170,8.5,1.6336633663366338,0.07967313561076601,Agent/TCP,4.914421,1.0909643208898057,19.991871
171,8.5,1.227639424763241,0.0804248875589407,Agent/TCP,0.912314,1.2222773906817064,19.999307
172,8.5,4.099560761346998,0.0934738361719383,Agent/TCP,1.269443,0.5797515603697323,19.998017
173,8.5,2.9944838455476757,0.08891535294117649,Agent/TCP,4.46783,0.6559475324418355,19.993462
174,8.5,1.3634426927993182,0.0815142073224527,Agent/TCP,4.934241,1.2796521234915346,19.97958
175,8.5,1.1207519884309471,0.08093940365262763,Agent/TCP,2.166307,1.2760058870659174,19.993184
176,8.5,1.532912533814247,0.08128603053076547,Agent/TCP,4.187681,1.1454696265777016,19.993111
177,8.5,1.7272727272727273,0.08073047401049117,Agent/TCP,1.881751,0.9905861375698289,19.998863
178,8.5,1.2758620689655173,0.0813717672259906,Agent/TCP,0.009401,1.18954519614213,19.999293
179,8.5,5.2502050861361775,0.09775434676663547,Agent/TCP,0.119902,0.48198000419942805,19.989274
180,9.0,2.004110996916752,0.0854717977223427,Agent/TCP,3.242941,0.9465985885632803,19.978229
181,9.0,2.9789719626168223,0.08764302083333336,Agent/TCP,0.359457,0.7036603531690728,19.987563
182,9.0,2.371541501976284,0.0846380599684377,Agent/TCP,1.933567,0.9068395911782196,19.998945
183,9.0,2.4838012958963285,0.08765622113163955,Agent/TCP,2.923627,0.8756335686787129,19.998532
184,9.0,1.9729425028184893,0.08640283669833729,Agent/TCP,4.749491,0.94916422825106,19.984452
185,9.0,5.660377358490567,0.0980527225929456,Agent/TCP,0.447158,0.48768399764378273,19.998835
186,9.0,4.8606147248034315,0.09452381014729958,Agent/TCP,0.331751,0.563130110050851,19.982485
187,9.0,2.692713833157339,0.08526154285714298,Agent/TCP,2.855558,0.8891810326371468,19.997804
188,9.0,3.7828947368421053,0.09207270545454545,Agent/TCP,4.322955,0.617831869963386,19.998417
189,9.0,2.5819265143992056,0.08514287912673055,Agent/TCP,2.363811,0.9228219972705873,19.999108
190,9.5,5.2722558340535866,0.09785617564870261,Agent/TCP,4.550373,0.5897100810447463,19.999863
191,9.5,4.649390243902439,0.09547688307155332,Agent/TCP,3.206642,0.6183217157241426,19.999971
192,9.5,4.435483870967742,0.09559855851063824,Agent/TCP,1.052811,0.6218899077968231,19.997386
193,9.5,8.616187989556137,0.12487812980769239,Agent/TCP,1.495808,0.31353654185093477,19.992408
194,9.5,6.805293005671078,0.10322055129650497,Agent/TCP,0.559022,0.4217977852157702,19.988996
195,9.5,4.918032786885246,0.09615998440065679,Agent/TCP,1.392797,0.5963327638421968,19.991272
196,9.5,4.71841704718417,0.09580547043478263,Agent/TCP,2.626805,0.5972526754552346,19.998615
197,9.5,6.488888888888889,0.09845138095238089,Agent/TCP,2.822997,0.5090982128432516,19.999722
198,9.5,5.4640718562874255,0.09696055497382189,Agent/TCP,0.570664,0.5381996866565234,19.987695
199,9.5,4.791238877481177,0.10093593068535825,Agent/TCP,0.897538,0.6060162404379201,19.981383
200,10.0,16.3302752293578,0.14486337426900572,Agent/TCP,4.049834,0.23684607995473742,19.999433
201,10.0,12.599469496021221,0.1378966294896031,Agent/TCP,0.973587,0.28698305165662324,19.992968
202,10.0,12.676056338028168,0.13516381086519125,Agent/TCP,1.156272,0.27221546949764863,19.984886
203,10.0,12.037037037037036,0.1385051196581196,Agent/TCP,2.950414,0.27782974501210395,19.991066
204,10.0,12.520868113522537,0.131019042253521,Agent/TCP,4.522952,0.28063972541843707,19.999592
205,10.0,12.922173274596183,0.13528179497907955,Agent/TCP,2.413456,0.27990953076970454,19.981418
206,10.0,13.080168776371309,0.1417109247524752,Agent/TCP,0.77865,0.2665651898613836,19.975155
207,10.0,13.60544217687075,0.14538774334140445,Agent/TCP,3.817269,0.26271354162709565,19.874911
208,10.0,14.66275659824047,0.1385611915367482,Agent/TCP,1.377742,0.25978133773868506,19.986623
209,10.0,12.732919254658384,0.13313673451327435,Agent/TCP,3.434758,0.2800209440507935,19.98552
210,10.5,29.72972972972973,0.6948552031250002,Agent/TCP,2.834291,0.050214766414470154,19.90656
211,10.5,39.705882352941174,1.3060847499999997,Agent/TCP,2.918593,0.02010229892888516,19.489832
212,10.5,40.476190476190474,0.3543165714285711,Agent/TCP,3.913433,0.014606686838988078,17.605792
213,10.5,25.339366515837103,0.3295372807017543,Agent/TCP,3.415478,0.08141148342983796,19.975304
214,10.5,29.166666666666668,0.3905708720930236,Agent/TCP,2.912521,0.06528127760236946,19.99552
215,10.5,30.935251798561154,0.599082671875,Agent/TCP,2.936429,0.05091949314652034,18.465256
216,10.5,31.020408163265305,0.3566672020202022,Agent/TCP,2.077731,0.07853938583804679,19.878736
217,10.5,37.5,0,Agent/TCP,3.320178,0.0036003484622976006,12.652608
218,10.5,29.80132450331126,0.4453368732394368,Agent/TCP,3.41785,0.05366804296243765,19.701656
219,10.5,31.818181818181817,0.3948430810810812,Agent/TCP,3.766702,0.030425482282917093,19.911064
220,0.0,0.0,0.06575254499089045,Agent/TCP/Reno,2.568457,2.6213320434083025,19.999961
221,0.0,0.0,0.0657486092209836,Agent/TCP/Reno,0.07821,2.6274727799404585,19.995874
222,0.0,0.0,0.06575936381709535,Agent/TCP/Reno,2.412333,2.6255019440952085,19.999949
223,0.0,0.0,0.06575484618395096,Agent/TCP/Reno,3.756068,2.619367738821664,19.999988
224,0.0,0.0,0.06575837570209904,Agent/TCP/Reno,4.715808,2.6185027376179058,19.999168
225,0.0,0.0,0.06575300258779829,Agent/TCP/Reno,2.831877,2.6224963317753085,19.995493
226,0.0,0.0,0.06575221045044839,Agent/TCP/Reno,2.37147,2.6255585295390986,19.999902
227,0.0,0.0,0.06575435072998619,Agent/TCP/Reno,1.092778,2.627101862586634,19.999818
228,0.0,0.0,0.06575485128929501,Agent/TCP/Reno,2.028759,2.625097269682309,19.999415
229,0.0,0.0,0.06575156261022722,Agent/TCP/Reno,2.006283,2.6241253419866104,19.983595
230,0.5,0.0,0.06576702443365592,Agent/TCP/Reno,0.398922,2.6275432790333135,19.999406
231,0.5,0.0,0.06576465219512109,Agent/TCP/Reno,0.500319,2.6250514779228307,19.998969
232,0.5,0.0,0.06577894919786037,Agent/TCP/Reno,4.528022,2.6189519737419147,19.999371
233,0.5,0.0,0.06576557698541291,Agent/TCP/Reno,0.413705,2.6301031381452824,19.995112
234,0.5,0.0,0.06577677617750041,Agent/TCP/Reno,3.656808,2.621810994097543,19.999832
235,0.5,0.0,0.0657710762340037,Agent/TCP/Reno,2.616742,2.623966211139989,19.999039
236,0.5,0.0,0.06576764816753902,Agent/TCP/Reno,1.805747,2.6249474195612037,19.9993
237,0.5,0.0,0.06577074743832946,Agent/TCP/Reno,3.266994,2.6206212478532906,19.998416
238,0.5,0.0,0.06576813199268673,Agent/TCP/Reno,2.62334,2.6224714039353043,19.999682
239,0.5,0.0,0.065772878528826,Agent/TCP/Reno,3.993919,2.6214505319457664,19.999592
240,1.0,0.0,0.06578532323612384,Agent/TCP/Reno,3.093443,2.6231463119191947,19.999065
241,1.0,0.0,0.06578462893567699,Agent/TCP/Reno,3.529971,2.6220343787275584,19.998527
242,1.0,0.0,0.06578027708903508,Agent/TCP/Reno,0.282261,2.6290499358459902,19.998098
243,1.0,0.0,0.06578544782608715,Agent/TCP/Reno,4.610829,2.62162459497674,19.99976
244,1.0,0.0,0.06578855454168359,Agent/TCP/Reno,4.651728,2.618308545595967,19.999774
245,1.0,0.0,0.0657775675136112,Agent/TCP/Reno,2.489386,2.624310080111918,19.99939
246,1.0,0.0,0.06578068673677001,Agent/TCP/Reno,1.277902,2.6264420213887365,19.999625
247,1.0,0.0,0.06578262008113553,Agent/TCP/Reno,4.297477,2.6223606429878505,19.99936
248,1.0,0.0,0.06578928051261211,Agent/TCP/Reno,4.344676,2.6201780163326744,19.999307
249,1.0,0.0,0.06578372526539265,Agent/TCP/Reno,4.986444,2.6212800763592408,19.999689
250,1.5,0.0,0.06578680650994612,Agent/TCP/Reno,2.430592,2.6225772888402177,19.999752
251,1.5,0.0,0.06578741793570206,Agent/TCP/Reno,1.234442,2.625827463222776,19.998569
252,1.5,0.0,0.06578457556270095,Agent/TCP/Reno,1.26002,2.623919814379287,19.999739
253,1.5,0.0,0.06578238679549173,Agent/TCP/Reno,0.313602,2.6254139976598294,19.993363
254,1.5,0.0,0.06579092593957256,Agent/TCP/Reno,2.763991,2.6211988980478425,19.999585
255,1.5,0.0,0.06579324909090882,Agent/TCP/Reno,4.228336,2.622454440166144,19.996282
256,1.5,0.0,0.06579343728489435,Agent/TCP/Reno,3.351626,2.6242240782570567,19.996668
257,1.5,0.0,0.06578953761814747,Agent/TCP/Reno,3.185745,2.620105744583415,19.999845
258,1.5,0.0,0.06579620866141744,Agent/TCP/Reno,3.030703,2.623271882271855,19.998948
259,1.5,0.0,0.06578139159935437,Agent/TCP/Reno,0.355995,2.628156557043395,19.999391
260,2.0,0.0,0.0658089144162037,Agent/TCP/Reno,3.965939,2.6205092328651114,19.999586
261,2.0,0.0,0.0657972834577333,Agent/TCP/Reno,1.704613,2.6241827225036443,19.998583
262,2.0,0.0,0.06578965707472187,Agent/TCP/Reno,0.065125,2.625472072672828,19.997967
263,2.0,0.0,0.06580060175922782,Agent/TCP/Reno,1.583113,2.624832125006238,19.999346
264,2.0,0.0,0.06580938955979775,Agent/TCP/Reno,3.654974,2.6216751221298797,19.998845
265,2.0,0.0,0.06579901644100633,Agent/TCP/Reno,3.567428,2.6186270427432845,19.993868
266,2.0,0.0,0.06579178852931751,Agent/TCP/Reno,0.202114,2.6265927851071895,19.999747
267,2.0,0.0,0.06580405595959636,Agent/TCP/Reno,4.261051,2.616806586747856,19.99944
268,2.0,0.0,0.0658072730311262,Agent/TCP/Reno,4.766196,2.6161047667605173,19.999959
269,2.0,0.0,0.06579790349514625,Agent/TCP/Reno,3.626317,2.618076010088748,19.999012
270,2.5,0.0,0.06580607193460494,Agent/TCP/Reno,2.512695,2.621587066091746,19.999629
271,2.5,0.0,0.06580481710296697,Agent/TCP/Reno,1.812143,2.621789342057027,19.995877
272,2.5,0.0,0.06580767679558026,Agent/TCP/Reno,2.723307,2.6246782846913055,19.999451
273,2.5,0.0,0.06581614057188563,Agent/TCP/Reno,4.083164,2.6189152901454045,19.999494
274,2.5,0.0,0.06580204360280022,Agent/TCP/Reno,0.070798,2.6259990419915016,19.99964
275,2.5,0.0,0.06580074372019086,Agent/TCP/Reno,0.06089,2.6249804693133103,19.997465
276,2.5,0.0,0.0658041871612465,Agent/TCP/Reno,1.26122,2.6241022720383627,19.999636
277,2.5,0.0,0.06581498824644558,Agent/TCP/Reno,3.2141,2.622161046111494,19.999156
278,2.5,0.0,0.06581656438572302,Agent/TCP/Reno,3.846515,2.6217832805622705,19.999307
279,2.5,0.0,0.06581672271762236,Agent/TCP/Reno,4.978684,2.619420136000057,19.999413
280,3.0,0.0,0.06582655631599515,Agent/TCP/Reno,3.715474,2.6212025976251176,19.998809
281,3.0,0.0,0.06581526248690182,Agent/TCP/Reno,1.818518,2.622247492197296,19.999075
282,3.0,0.0,0.06582385371300947,Agent/TCP/Reno,2.903167,2.62317405609711,19.998914
283,3.0,0.0,0.06581112045129464,Agent/TCP/Reno,0.02286,2.628196460532914,19.998353
284,3.0,0.0,0.06581631896266903,Agent/TCP/Reno,0.772031,2.626674570884303,19.998897
285,3.0,0.0,0.06581358475559208,Agent/TCP/Reno,0.833767,2.6263107012871796,19.999938
286,3.0,0.0,0.06582346390026032,Agent/TCP/Reno,2.902347,2.622882091983401,19.999997
287,3.0,0.0,0.06581759061988698,Agent/TCP/Reno,2.515371,2.6219991025032563,19.999557
288,3.0,0.0,0.06582222454788977,Agent/TCP/Reno,1.024747,2.6266795197283783,19.998177
289,3.0,0.033405712376816436,0.06688953102985548,Agent/TCP/Reno,0.206766,2.5138066583799263,19.999028
290,3.5,0.0,0.06583239593345715,Agent/TCP/Reno,2.797796,2.620113392739939,19.99925
291,3.5,0.0,0.06582317516129044,Agent/TCP/Reno,0.321557,2.6256753676045728,19.999359
292,3.5,0.0,0.06582219650959886,Agent/TCP/Reno,1.798516,2.6224461563041235,19.999904
293,3.5,0.0,0.06583129514085845,Agent/TCP/Reno,3.188824,2.6180934611549707,19.999958
294,3.5,0.0,0.06583075952863188,Agent/TCP/Reno,2.717473,2.623409800845143,19.998799
295,3.5,0.0,0.06582955460263015,Agent/TCP/Reno,3.318217,2.618516058016011,19.999543
296,3.5,0.0,0.06582745498306307,Agent/TCP/Reno,2.186869,2.620311077844463,19.999838
297,3.5,0.0,0.0658251211573237,Agent/TCP/Reno,2.412887,2.622748136995581,19.999936
298,3.5,0.0,0.06582576360057286,Agent/TCP/Reno,2.250091,2.6204581364172874,19.99856
299,3.5,0.04462293618920125,0.06676422593672923,Agent/TCP/Reno,4.953898,2.473997077115746,19.999995
300,4.0,0.0,0.06583542686308533,Agent/TCP/Reno,1.675659,2.621680434945734,19.999784
301,4.0,0.01783166904422254,0.06608738155774396,Agent/TCP/Reno,1.96886,2.5837564670868614,19.998423
302,4.0,0.0,0.06584733948046795,Agent/TCP/Reno,3.947391,2.617415899584092,19.999987
303,4.0,0.018214936247723135,0.06611111249314075,Agent/TCP/Reno,2.334167,2.5829102518053317,19.999202
304,4.0,0.0,0.06583810608254875,Agent/TCP/Reno,2.442313,2.6205723086986006,19.999516
305,4.0,0.0,0.06582968981636098,Agent/TCP/Reno,0.968867,2.6248635642227085,19.999799
306,4.0,0.0,0.06584666456816861,Agent/TCP/Reno,3.820939,2.617646655233257,19.999257
307,4.0,0.0,0.06583974972875245,Agent/TCP/Reno,2.410182,2.6220511286006443,19.998733
308,4.0,0.0,0.06583484722457981,Agent/TCP/Reno,1.275032,2.6252649104649226,19.998811
309,4.0,0.0,0.06585271029739058,Agent/TCP/Reno,4.258625,2.6163625575405978,19.999685
310,4.5,0.0,0.06584568711656454,Agent/TCP/Reno,0.327621,2.6264572530300003,19.999565
311,4.5,0.08205128205128205,0.06693219599339185,Agent/TCP/Reno,3.668436,2.4723778278042454,19.999791
312,4.5,0.0,0.06584212483850133,Agent/TCP/Reno,0.333639,2.6259697466059726,19.99973
313,4.5,0.0,0.06584151370558383,Agent/TCP/Reno,1.233533,2.6225442117947746,19.998944
314,4.5,0.0,0.06585002578068269,Agent/TCP/Reno,2.493433,2.6193193470530267,19.998683
315,4.5,0.0,0.06585996510916173,Agent/TCP/Reno,4.386181,2.6164581584022333,19.999471
316,4.5,0.0,0.06584309134775383,Agent/TCP/Reno,0.901821,2.62456498568481,19.998319
317,4.5,0.0,0.06585530799220297,Agent/TCP/Reno,3.657074,2.619288644351547,19.999954
318,4.5,0.0,0.06584618313373276,Agent/TCP/Reno,0.895832,2.624970168390308,19.998891
319,4.5,0.0,0.06584190475407144,Agent/TCP/Reno,0.693884,2.62472123184083,19.998456
320,5.0,0.0,0.06586640842421979,Agent/TCP/Reno,3.073621,2.6200050561592296,19.999512
321,5.0,0.017627357659086903,0.06611685008849552,Agent/TCP/Reno,1.760642,2.5842634530711717,19.999154
322,5.0,0.0,0.06586463012939037,Agent/TCP/Reno,2.796141,2.6191087287366206,19.99784
323,5.0,0.01680672268907563,0.06610563792812589,Agent/TCP/Reno,0.890151,2.587114320520205,19.99938
324,5.0,0.0,0.06587387804878064,Agent/TCP/Reno,3.939883,2.6162165460613056,19.999838
325,5.0,0.0,0.0658529191434965,Agent/TCP/Reno,0.129686,2.6253781169706913,19.99986
326,5.0,0.0,0.06586705827989486,Agent/TCP/Reno,3.127184,2.618554288649374,19.998906
327,5.0,0.0,0.06585905043327606,Agent/TCP/Reno,1.661701,2.621665301025117,19.998626
328,5.0,0.0,0.06586544549005681,Agent/TCP/Reno,2.08328,2.6220479240179997,19.998681
329,5.0,0.0,0.06586892959381067,Agent/TCP/Reno,3.550521,2.6170126491781707,19.999811
330,5.5,0.0,0.06586795419847337,Agent/TCP/Reno,0.441735,2.6248053563399147,19.999269
331,5.5,0.037257824143070044,0.06707457233763803,Agent/TCP/Reno,2.148907,2.4945266744964405,19.999572
332,5.5,0.6058673469387755,0.07402311393229165,Agent/TCP/Reno,4.399065,1.655454707106386,19.999371
333,5.5,0.03578457684737878,0.06702788856937456,Agent/TCP/Reno,1.445039,2.500967757479275,19.998241
334,5.5,0.0,0.06588008977375581,Agent/TCP/Reno,2.42486,2.6192299650921544,19.997414
335,5.5,0.0,0.06587945037746284,Agent/TCP/Reno,2.711493,2.619793772160838,19.997617
336,5.5,0.08656135035706557,0.06655400196163909,Agent/TCP/Reno,4.402346,2.4550322250165793,19.998459
337,5.5,0.0,0.06587362158915394,Agent/TCP/Reno,1.483572,2.621062907339572,19.999297
338,5.5,0.10133765707336846,0.0669239163606689,Agent/TCP/Reno,3.528907,2.482746260348996,19.999829
339,5.5,0.0,0.06589506186423064,Agent/TCP/Reno,4.63783,2.6161964011831174,19.998267
340,6.0,0.0,0.06589451345532815,Agent/TCP/Reno,2.263041,2.620076472876476,19.998218
341,6.0,0.0,0.0659138620976116,Agent/TCP/Reno,4.640534,2.61438637061214,19.998876
342,6.0,0.0,0.06591080722639917,Agent/TCP/Reno,4.731051,2.61337362468592,19.999836
343,6.0,0.0,0.0658797921952786,Agent/TCP/Reno,0.224176,2.623222857020339,19.999667
344,6.0,0.0,0.06591678778270929,Agent/TCP/Reno,4.901715,2.6134425721084082,19.998186
345,6.0,0.0,0.06588893076790915,Agent/TCP/Reno,1.491908,2.620948494651486,19.998918
346,6.0,0.0,0.06588582294807356,Agent/TCP/Reno,1.028324,2.622127909804737,19.999786
347,6.0,0.033461602810774635,0.06695605628360206,Agent/TCP/Reno,0.227691,2.510475718544732,19.996502
348,6.0,0.01981375074301565,0.06607078861464943,Agent/TCP/Reno,3.744403,2.5778333295803875,19.998301
349,6.0,0.016059097478721696,0.06611353191489353,Agent/TCP/Reno,0.022147,2.5880501611424247,19.998885
350,6.5,0.0,0.06590538047642854,Agent/TCP/Reno,0.916745,2.62161976062307,19.999787
351,6.5,0.04045307443365696,0.0667829471437286,Agent/TCP/Reno,3.484966,2.484328012460201,19.998985
352,6.5,0.0,0.06593649029430179,Agent/TCP/Reno,4.714689,2.6129214525570386,19.998853
353,6.5,0.05561735261401557,0.0669382835848701,Agent/TCP/Reno,2.084349,2.498659177411482,19.998725
354,6.5,0.0,0.06590534201301944,Agent/TCP/Reno,0.955237,2.6212979195734034,19.99936
355,6.5,0.018135654697134566,0.06608651884902558,Agent/TCP/Reno,2.275114,2.5822014403774984,19.999773
356,6.5,0.01924557351809084,0.06620765319930393,Agent/TCP/Reno,3.24343,2.574147315790507,19.998959
357,6.5,0.058173356602675974,0.06668482803665415,Agent/TCP/Reno,2.724188,2.4770005229535146,19.999146
358,6.5,0.0545950864422202,0.06713454069873795,Agent/TCP/Reno,1.722568,2.495061825798744,19.999566
359,6.5,0.0,0.0659191306297888,Agent/TCP/Reno,2.960033,2.6172714070878604,19.998969
360,7.0,1.910828025477707,0.08556514907786857,Agent/TCP/Reno,1.649617,0.9118789521748063,19.907128
361,7.0,0.06944444444444445,0.06689449607124162,Agent/TCP/Reno,0.883936,2.500768169705207,19.997551
362,7.0,0.0,0.06600637051119561,Agent/TCP/Reno,4.875298,2.6099200289462128,19.99852
363,7.0,2.023529411764706,0.08791319346857973,Agent/TCP/Reno,0.761893,0.9000592510866423,19.998671
364,7.0,0.06284038542103058,0.06694877080261215,Agent/TCP/Reno,4.075766,2.486550901597011,19.99951
365,7.0,0.05842259006815968,0.0667676812218526,Agent/TCP/Reno,2.874247,2.487572130810283,19.998864
366,7.0,0.0,0.06598983532878988,Agent/TCP/Reno,2.695576,2.6151920833642754,19.999391
367,7.0,0.0,0.06600490488586308,Agent/TCP/Reno,4.059528,2.611836928067837,19.99988
368,7.0,0.03687315634218289,0.06672206834599013,Agent/TCP/Reno,1.972488,2.497453858377442,19.998783
369,7.0,0.1021659174499387,0.06688287299300141,Agent/TCP/Reno,3.630998,2.4790629344260107,19.99886
370,7.5,0.25994281258123214,0.07241476813880145,Agent/TCP/Reno,4.843921,2.099919782340066,19.998938
371,7.5,0.05614823133071309,0.07016859762979694,Agent/TCP/Reno,1.381762,2.381136494675954,19.99862
372,7.5,0.0,0.0699568824055447,Agent/TCP/Reno,4.851522,2.4619829393548565,19.998077
373,7.5,0.1819505094614265,0.07036936468646876,Agent/TCP/Reno,0.194687,2.299870049060595,19.997545
374,7.5,1.9845644983461963,0.08517583526011577,Agent/TCP/Reno,3.513431,0.8968825527754783,19.998265
375,7.5,1.8251681075888568,0.08850494686716777,Agent/TCP/Reno,2.413316,0.9657098021981172,19.997729
376,7.5,0.23509296858303055,0.07179448781539777,Agent/TCP/Reno,1.662211,2.1138763983915796,19.999707
377,7.5,0.21514629948364886,0.07174134614549423,Agent/TCP/Reno,2.392286,2.186093511650802,19.998413
378,7.5,0.12148208139299453,0.07096219873624103,Agent/TCP/Reno,1.734269,2.241836316376822,19.99744
379,7.5,0.6428801028608165,0.07435444273560224,Agent/TCP/Reno,4.824849,1.692641562777407,19.998859
380,8.0,1.3385146804835923,0.08500195902004468,Agent/TCP/Reno,4.430679,1.2198804711737692,19.994958
381,8.0,0.6493506493506493,0.07997225815558337,Agent/TCP/Reno,2.989229,1.570887637460285,19.990776
382,8.0,4.162537165510407,0.10772075190424377,Agent/TCP/Reno,3.814486,0.4949214371207277,19.987073
383,8.0,3.261675315048184,0.10663757188498395,Agent/TCP/Reno,1.852517,0.597042926348947,19.996874
384,8.0,0.9213323883770376,0.08446557277676942,Agent/TCP/Reno,3.19106,1.382565127232084,19.999006
385,8.0,0.6295247088448221,0.08007884021773934,Agent/TCP/Reno,3.337288,1.5735462458609588,19.998152
386,8.0,1.2971220105391164,0.08582451699538407,Agent/TCP/Reno,2.767076,1.1714995002538342,19.996823
387,8.0,0.7702182284980745,0.08439919396127356,Agent/TCP/Reno,1.948554,1.42487670154527,19.997442
388,8.0,0.7046764894298526,0.08344832147519579,Agent/TCP/Reno,2.128552,1.4404688574375428,19.9994
389,8.0,0.6806930693069307,0.0838555703937007,Agent/TCP/Reno,2.008683,1.4826713167824888,19.999346
390,8.5,1.588021778584392,0.0835342183364841,Agent/TCP/Reno,3.371872,1.0834331821861989,19.997835
391,8.5,1.2597258243793996,0.08609266577642118,Agent/TCP/Reno,1.239524,1.1815962104137707,19.997878
392,8.5,1.0664770707429791,0.08756879051094862,Agent/TCP/Reno,0.654658,1.1946520217228644,19.98802
393,8.5,1.4511310285958174,0.08560438997338055,Agent/TCP/Reno,1.817485,1.0534836151686118,19.998081
394,8.5,1.024279210925645,0.08455230377285108,Agent/TCP/Reno,1.636982,1.1790072173412247,19.999007
395,8.5,5.806451612903226,0.11611885272459489,Agent/TCP/Reno,4.317551,0.3869460321413491,19.993122
396,8.5,1.1352253756260433,0.08299064354395623,Agent/TCP/Reno,0.514795,1.2618196539443463,19.999291
397,8.5,1.2663237039968342,0.09007760924713573,Agent/TCP/Reno,0.219185,1.0488190607846595,19.987857
398,8.5,1.2953367875647668,0.08965937505567938,Agent/TCP/Reno,3.05154,1.1183925999031608,19.990994
399,8.5,2.6785714285714284,0.09746507148530575,Agent/TCP/Reno,4.821237,0.7140355264470956,19.992695
400,9.0,2.2298456260720414,0.10384587764990913,Agent/TCP/Reno,1.093731,0.7521772047226268,19.997787
401,9.0,2.092904543134252,0.10040556421278868,Agent/TCP/Reno,0.576198,0.819536679158955,19.997513
402,9.0,1.921182266009852,0.09663955779153773,Agent/TCP/Reno,1.635,0.9021024604874684,19.988924
403,9.0,2.2765130483064966,0.09589946434885122,Agent/TCP/Reno,2.507117,0.8334401079558615,19.997228
404,9.0,2.318668252080856,0.10769942042606516,Agent/TCP/Reno,2.034422,0.7599898315045571,19.999715
405,9.0,2.11307824100514,0.09935576158940372,Agent/TCP/Reno,2.952838,0.8332801870717118,19.996997
406,9.0,2.3124647490129724,0.10249330838323348,Agent/TCP/Reno,2.286826,0.8116738294343884,19.999951
407,9.0,2.4096385542168677,0.10143764024390246,Agent/TCP/Reno,3.391393,0.7685430150933871,19.998401
408,9.0,2.097560975609756,0.09744822524371449,Agent/TCP/Reno,0.34887,0.8495465095338719,19.994928
409,9.0,2.4081115335868186,0.10266707521826728,Agent/TCP/Reno,3.44427,0.7715559894496083,19.99721
410,9.5,4.855195911413969,0.11909373128598838,Agent/TCP/Reno,0.107189,0.46697513225054554,19.991417
411,9.5,6.385542168674699,0.12264879943502834,Agent/TCP/Reno,2.809587,0.3756611964972949,19.996989
412,9.5,4.440154440154441,0.11695526666666672,Agent/TCP/Reno,3.648135,0.5041085323223881,19.971604
413,9.5,4.276069017254313,0.10942366021867125,Agent/TCP/Reno,0.136148,0.5336968816487379,19.98202
414,9.5,6.7164179104477615,0.1258567323529412,Agent/TCP/Reno,3.775558,0.38254203909732787,19.979581
415,9.5,4.330392943063352,0.12122042665474053,Agent/TCP/Reno,0.149,0.5006887287029864,19.957235
416,9.5,4.473438956197577,0.11511016320166326,Agent/TCP/Reno,2.704119,0.49275291743560506,19.994732
417,9.5,6.116504854368932,0.12291313019079683,Agent/TCP/Reno,0.130944,0.4029376811742307,19.995455
418,9.5,4.849137931034483,0.12023353090909078,Agent/TCP/Reno,3.881208,0.4547673882031618,19.999866
419,9.5,5.372290292177191,0.1226301092077088,Agent/TCP/Reno,1.491803,0.45245149186061917,19.936388
420,10.0,11.292962356792144,0.1668317121212121,Agent/TCP/Reno,1.299651,0.2399047869852723,19.993734
421,10.0,14.227642276422763,0.17365944827586224,Agent/TCP/Reno,2.840257,0.20497275906274395,19.930528
422,10.0,14.526315789473685,0.18708328875379931,Agent/TCP/Reno,4.053023,0.2116660270474149,19.973953
423,10.0,13.137557959814528,0.15295637636761492,Agent/TCP/Reno,0.137391,0.23428615006785494,19.990037
424,10.0,10.75268817204301,0.16781796317280456,Agent/TCP/Reno,4.905859,0.2270381192928693,19.968704
425,10.0,13.214990138067062,0.1838657418478262,Agent/TCP/Reno,2.513043,0.20894666751859187,19.995016
426,10.0,12.5,0.16470911475409833,Agent/TCP/Reno,1.433158,0.22387093991286716,19.979558
427,10.0,15.44502617801047,0.19031632684824912,Agent/TCP/Reno,4.768866,0.1760477871026546,19.98837
428,10.0,14.92842535787321,0.1816315902140672,Agent/TCP/Reno,2.732,0.19959110707128905,19.991286
429,10.0,11.538461538461538,0.16334431870669727,Agent/TCP/Reno,1.401659,0.22470275688230734,19.990483
430,10.5,75.0,0,Agent/TCP/Reno,3.139724,3.524972890755361e-05,12.217808
431,10.5,31.351351351351354,0.279743888888889,Agent/TCP/Reno,3.333073,0.07497818343929098,17.319008
432,10.5,25.221238938053098,0.3256191949152542,Agent/TCP/Reno,3.207687,0.08446796173977368,19.759288
433,10.5,27.167630057803464,0.31945582926829263,Agent/TCP/Reno,1.36843,0.069728177269574,16.28808
434,10.5,27.27272727272727,0.665273984615385,Agent/TCP/Reno,3.742935,0.048157006613648405,19.989792
435,10.5,37.096774193548384,0.25852609523809555,Agent/TCP/Reno,1.409306,0.017272704945545243,19.731856
436,10.5,28.14814814814815,0.6554886190476191,Agent/TCP/Reno,2.110313,0.04478064550731102,19.953736
437,10.5,29.605263157894733,0.7313605606060603,Agent/TCP/Reno,1.637963,0.0488754908725475,19.688728
438,10.5,32.30769230769231,0.6484560204081632,Agent/TCP/Reno,4.438823,0.04954049372339538,19.05636
439,10.5,23.423423423423422,0.2663826440677966,Agent/TCP/Reno,4.732637,0.04476117047155633,19.981568
440,0.0,0.0,0.06575094162348671,Agent/TCP/Newreno,1.622801,2.625902756918415,19.999841
441,0.0,0.0,0.06574913452187799,Agent/TCP/Newreno,0.453247,2.6268767674650517,19.995359
442,0.0,0.0,0.06574913452187799,Agent/TCP/Newreno,0.440196,2.6253745469239913,19.999828
443,0.0,0.0,0.06575145729349531,Agent/TCP/Newreno,1.937249,2.6246588496245464,19.999665
444,0.0,0.0,0.06575254499089046,Agent/TCP/Newreno,2.540335,2.6276658672695006,19.986815
445,0.0,0.0,0.0657533560630407,Agent/TCP/Newreno,0.279636,2.6285077249868967,19.99954
446,0.0,0.0,0.06575851996386424,Agent/TCP/Newreno,2.410664,2.6252535635341525,19.999944
447,0.0,0.0,0.06574886934189197,Agent/TCP/Newreno,0.257812,2.6271776099286526,19.9877
448,0.0,0.0,0.06575024890387651,Agent/TCP/Newreno,1.16687,2.629920550392743,19.990374
449,0.0,0.0,0.065750541737647,Agent/TCP/Newreno,1.370968,2.6266700450498814,19.999208
450,0.5,0.0,0.06577154896030216,Agent/TCP/Newreno,3.173133,2.6251172861268013,19.999505
451,0.5,0.0,0.06576848532883557,Agent/TCP/Newreno,1.186969,2.6240706050697424,19.998536
452,0.5,0.0,0.06577701909565746,Agent/TCP/Newreno,2.350058,2.625698206907493,19.999733
453,0.5,0.0,0.06578351990779431,Agent/TCP/Newreno,4.789171,2.6201676894382504,19.999312
454,0.5,0.0,0.06576917939609236,Agent/TCP/Newreno,2.136755,2.6228613763152895,19.995846
455,0.5,0.0,0.0657767670107028,Agent/TCP/Newreno,3.351159,2.6236254297596706,19.999999
456,0.5,0.0,0.06577482481877645,Agent/TCP/Newreno,1.5944,2.626393594361272,19.999684
457,0.5,0.0,0.0657703904761891,Agent/TCP/Newreno,3.30707,2.6226976821200183,19.999867
458,0.5,0.0,0.06577374035785243,Agent/TCP/Newreno,4.017103,2.618813643237928,19.997591
459,0.5,0.0,0.06577191320626316,Agent/TCP/Newreno,1.34203,2.6266231035819594,19.999111
460,1.0,0.0,0.06578156992538726,Agent/TCP/Newreno,3.39392,2.6204284312611414,19.999571
461,1.0,0.0,0.06578318705636742,Agent/TCP/Newreno,4.733618,2.621830598230695,19.997579
462,1.0,0.0,0.06577420213464655,Agent/TCP/Newreno,0.688891,2.625201543543768,19.989931
463,1.0,0.0,0.06577375167464075,Agent/TCP/Newreno,0.117187,2.626658738149661,19.999846
464,1.0,0.0,0.06577552051282048,Agent/TCP/Newreno,1.412268,2.628260764742755,19.994412
465,1.0,0.0,0.06577805537340568,Agent/TCP/Newreno,2.575239,2.62170352942689,19.997926
466,1.0,0.0,0.06578194828282782,Agent/TCP/Newreno,4.264384,2.6178711414049425,19.996373
467,1.0,0.0,0.06578936733501961,Agent/TCP/Newreno,3.654683,2.621540226588269,19.999395
468,1.0,0.0,0.06577255441412422,Agent/TCP/Newreno,0.227528,2.6300988071462577,19.99877
469,1.0,0.0,0.06577282022838521,Agent/TCP/Newreno,0.537973,2.62964803752282,19.996212
470,1.5,0.0,0.0657999601677148,Agent/TCP/Newreno,4.816394,2.6149223690640686,19.999774
471,1.5,0.0,0.06579376424242434,Agent/TCP/Newreno,4.227322,2.6224875373761387,19.995069
472,1.5,0.0,0.06578591114922823,Agent/TCP/Newreno,1.48157,2.626536458303802,19.999889
473,1.5,0.0,0.0657903831858408,Agent/TCP/Newreno,2.053455,2.6231639198833823,19.999295
474,1.5,0.0,0.06578460530679944,Agent/TCP/Newreno,0.881899,2.624411808062026,19.998533
475,1.5,0.0,0.06579292726565536,Agent/TCP/Newreno,3.647203,2.620357237493358,19.999294
476,1.5,0.0,0.06578904939155297,Agent/TCP/Newreno,2.261987,2.622181242778435,19.998793
477,1.5,0.0,0.06579227299412928,Agent/TCP/Newreno,3.759998,2.6185981324816447,19.995983
478,1.5,0.0,0.06578663833634735,Agent/TCP/Newreno,2.423925,2.6240493897152666,19.999082
479,1.5,0.0,0.06578781883549607,Agent/TCP/Newreno,1.894366,2.6240568147070626,19.998974
480,2.0,0.0,0.06579990362750408,Agent/TCP/Newreno,2.394405,2.622890032621173,19.999535
481,2.0,0.0,0.06579457147950132,Agent/TCP/Newreno,2.180751,2.6223768551001845,19.998724
482,2.0,0.0,0.0658074724029383,Agent/TCP/Newreno,4.831242,2.6165078435793676,19.999062
483,2.0,0.0,0.0658072656373717,Agent/TCP/Newreno,3.910521,2.6218244670559283,19.999592
484,2.0,0.0,0.06579815955473137,Agent/TCP/Newreno,2.880426,2.620164255726646,19.995811
485,2.0,0.0,0.06579410784470405,Agent/TCP/Newreno,0.14312,2.627202334041099,19.999497
486,2.0,0.0,0.06579229706362184,Agent/TCP/Newreno,0.542779,2.626924022239439,19.999025
487,2.0,0.0,0.06579889684319508,Agent/TCP/Newreno,1.585257,2.625186783025397,19.999002
488,2.0,0.0,0.06579263145299181,Agent/TCP/Newreno,1.420361,2.6255385853491866,19.999589
489,2.0,0.0,0.06579373017132016,Agent/TCP/Newreno,0.010407,2.6264246044906066,19.999376
490,2.5,0.0,0.0658089522154649,Agent/TCP/Newreno,1.712531,2.6251474593196007,19.999778
491,2.5,0.0,0.06581891198092586,Agent/TCP/Newreno,3.96927,2.621099050351655,19.999309
492,2.5,0.0,0.0658057837792637,Agent/TCP/Newreno,1.014776,2.625223939169667,19.998726
493,2.5,0.0,0.06581018439306377,Agent/TCP/Newreno,3.501649,2.618275464660595,19.993848
494,2.5,0.0,0.06580645718232031,Agent/TCP/Newreno,1.592562,2.626155595994383,19.999514
495,2.5,0.0,0.06580677057793372,Agent/TCP/Newreno,1.854033,2.6245520050537947,19.999606
496,2.5,0.0,0.06581439006342506,Agent/TCP/Newreno,4.940407,2.614445612601648,19.999263
497,2.5,0.0,0.06581378061420338,Agent/TCP/Newreno,3.435676,2.6181705947634004,19.998447
498,2.5,0.0,0.0658099277886495,Agent/TCP/Newreno,3.738601,2.6197026375970967,19.9995
499,2.5,0.0,0.06581230572427746,Agent/TCP/Newreno,2.717265,2.623808194864064,19.999138
500,3.0,0.0,0.06581378918918859,Agent/TCP/Newreno,1.200866,2.6246401540591475,19.998841
501,3.0,0.0,0.0658253623489425,Agent/TCP/Newreno,3.147433,2.621718676916127,19.998791
502,3.0,0.0,0.06581477300509257,Agent/TCP/Newreno,1.296026,2.6238120732608268,19.998463
503,3.0,0.0,0.06582247221135033,Agent/TCP/Newreno,3.737696,2.618970329417131,19.999965
504,3.0,0.0,0.065823111649614,Agent/TCP/Newreno,2.280777,2.6247980783247566,19.9999
505,3.0,0.0,0.0658294388194303,Agent/TCP/Newreno,4.458816,2.6180911009360748,19.99881
506,3.0,0.0,0.06582574261954287,Agent/TCP/Newreno,4.667785,2.61848767757114,19.998894
507,3.0,0.0,0.0658317071881607,Agent/TCP/Newreno,4.939875,2.613960984735164,19.99834
508,3.0,0.0,0.06581389610619469,Agent/TCP/Newreno,2.03676,2.624364582470448,19.999752
509,3.0,0.0,0.06581616880013633,Agent/TCP/Newreno,1.390966,2.624503271257152,19.999714
510,3.5,0.0,0.06583025100439997,Agent/TCP/Newreno,3.379372,2.6182024551604774,19.999141
511,3.5,0.0,0.06582176825127369,Agent/TCP/Newreno,1.280528,2.6254637486489805,19.99972
512,3.5,0.0,0.06581975971107555,Agent/TCP/Newreno,0.218012,2.626719062139108,19.998856
513,3.5,0.017677214071062403,0.06609094497692611,Agent/TCP/Newreno,1.823663,2.5835071776742162,19.999885
514,3.5,0.0,0.06582948682805269,Agent/TCP/Newreno,2.140819,2.6229945889234876,19.999003
515,3.5,0.0,0.06583045483234742,Agent/TCP/Newreno,3.862456,2.618327002451601,19.998439
516,3.5,0.0,0.06582279933884268,Agent/TCP/Newreno,0.806995,2.6231097596272255,19.999726
517,3.5,0.0,0.06582362716422926,Agent/TCP/Newreno,1.121177,2.6223264139621447,19.999193
518,3.5,0.0,0.06583862214725157,Agent/TCP/Newreno,3.955528,2.6187875634466513,19.999716
519,3.5,0.0,0.06582567059651624,Agent/TCP/Newreno,1.945506,2.6222968727661633,19.998809
520,4.0,0.0,0.06582919170731687,Agent/TCP/Newreno,0.485053,2.6238738513672137,19.998796
521,4.0,0.0,0.06583666042031533,Agent/TCP/Newreno,1.850068,2.622638654704695,19.999362
522,4.0,0.0,0.06583085792988307,Agent/TCP/Newreno,0.980505,2.623591456518393,19.998466
523,4.0,0.0,0.06583487413333369,Agent/TCP/Newreno,2.127015,2.6210022191995757,19.998774
524,4.0,0.0,0.06583235363761135,Agent/TCP/Newreno,1.495765,2.6214128047250136,19.999497
525,4.0,0.057692307692307696,0.0665190767446358,Agent/TCP/Newreno,3.140971,2.56050538513425,19.998768
526,4.0,0.05806077027288562,0.06622979241245147,Agent/TCP/Newreno,3.351597,2.571825433915171,19.999321
527,4.0,0.0,0.06584425167917847,Agent/TCP/Newreno,3.88613,2.618027050953526,19.998538
528,4.0,0.0,0.06584165316698692,Agent/TCP/Newreno,3.418686,2.6191139391528173,19.997728
529,4.0,0.016926201760324982,0.06606972710280339,Agent/TCP/Newreno,1.040075,2.5861865162267774,19.998522
530,4.5,0.08149959250203749,0.06646170567739322,Agent/TCP/Newreno,4.089371,2.5586833598167953,19.999929
531,4.5,0.0,0.0658422236886635,Agent/TCP/Newreno,1.232073,2.6227469054543384,19.999206
532,4.5,0.0,0.06584676098511706,Agent/TCP/Newreno,2.062039,2.6208236760994414,19.998507
533,4.5,0.0,0.06584237312719156,Agent/TCP/Newreno,0.077016,2.6268544999104524,19.999368
534,4.5,0.0,0.06585229585690848,Agent/TCP/Newreno,2.573255,2.621216377322868,19.99918
535,4.5,0.0,0.0658458684684689,Agent/TCP/Newreno,2.362281,2.6204103547720172,19.999946
536,4.5,0.0328515111695138,0.0661411936335146,Agent/TCP/Newreno,0.443293,2.5866972697787975,19.999474
537,4.5,0.0,0.06584362804674491,Agent/TCP/Newreno,0.983167,2.6229494403529783,19.999439
538,4.5,0.0,0.06584741479269171,Agent/TCP/Newreno,1.897345,2.6234820103951826,19.999577
539,4.5,0.0,0.06585061912568327,Agent/TCP/Newreno,2.5475,2.6199115875423953,19.997982
540,5.0,0.0,0.06587016745956253,Agent/TCP/Newreno,3.267387,2.6201841152951775,19.998425
541,5.0,0.0,0.06587835281749377,Agent/TCP/Newreno,4.830606,2.616463510832652,19.998683
542,5.0,0.0,0.06586579829222013,Agent/TCP/Newreno,3.23514,2.6180771756851318,19.99871
543,5.0,0.0,0.06586670859959844,Agent/TCP/Newreno,2.572891,2.6213213750386144,19.998118
544,5.0,0.0,0.0658644618810118,Agent/TCP/Newreno,2.141357,2.6221984783779817,19.998617
545,5.0,0.0,0.06586635375047156,Agent/TCP/Newreno,3.119234,2.617733258010335,19.999426
546,5.0,0.0886053517632465,0.06645877357817814,Agent/TCP/Newreno,1.446444,2.5247793105080145,19.999321
547,5.0,0.0,0.06586466654343799,Agent/TCP/Newreno,2.796406,2.619039148348614,19.998562
548,5.0,0.0,0.0658675271789205,Agent/TCP/Newreno,2.739912,2.6185421122683263,19.999348
549,5.0,0.0,0.06587104609375034,Agent/TCP/Newreno,3.694851,2.617889427115882,19.998794
550,5.5,0.03432887058015791,0.06609480330977381,Agent/TCP/Newreno,1.276032,2.5833227351777026,19.997843
551,5.5,0.0,0.0658723811320755,Agent/TCP/Newreno,1.473027,2.6215230413540063,19.998197
552,5.5,0.0,0.06588944182769717,Agent/TCP/Newreno,4.173096,2.6154836547436617,19.998972
553,5.5,0.0,0.0658731305287661,Agent/TCP/Newreno,0.88795,2.6233327652727416,19.999761
554,5.5,0.0,0.065871417084558,Agent/TCP/Newreno,1.61925,2.6208702205403505,19.999832
555,5.5,0.0,0.06588199204394785,Agent/TCP/Newreno,3.193184,2.6189297173362998,19.99895
556,5.5,0.0,0.06588715819655915,Agent/TCP/Newreno,3.887863,2.618087984303408,19.999896
557,5.5,0.06338474540460595,0.06628470399490034,Agent/TCP/Newreno,4.67194,2.559505432171389,19.998776
558,5.5,0.0,0.06588826285714279,Agent/TCP/Newreno,4.381449,2.6158551808878197,19.998338
559,5.5,0.016840687100033683,0.06611786204564682,Agent/TCP/Newreno,0.930971,2.5848791492428917,19.998787
560,6.0,0.017220595832615808,0.06613096559474407,Agent/TCP/Newreno,1.343941,2.583091925511384,19.999785
561,6.0,0.052146706066400136,0.06618496996157877,Agent/TCP/Newreno,1.470302,2.5762895046240226,19.997785
562,6.0,0.049148099606815196,0.06618401398716474,Agent/TCP/Newreno,0.367486,2.581411401439479,19.999165
563,6.0,0.06887052341597796,0.06651841668108653,Agent/TCP/Newreno,1.216528,2.565187380059911,19.999343
564,6.0,0.0,0.0658968384360014,Agent/TCP/Newreno,2.741273,2.618335856083962,19.998891
565,6.0,0.15978087194704405,0.06696164616447764,Agent/TCP/Newreno,4.754572,2.3816428368789673,19.999847
566,6.0,0.0,0.0658822092009685,Agent/TCP/Newreno,0.319105,2.623620933708784,19.999631
567,6.0,0.0,0.06588545958871325,Agent/TCP/Newreno,0.072462,2.6238374998507,19.998696
568,6.0,0.10360547036883548,0.06659815167953276,Agent/TCP/Newreno,3.968622,2.4954065991017433,19.999228
569,6.0,0.192789666473877,0.06739239844357986,Agent/TCP/Newreno,1.846866,2.3663519920824276,19.999905
570,6.5,0.0,0.06591291225875603,Agent/TCP/Newreno,2.190683,2.61916546299781,19.998737
571,6.5,0.0,0.06591292365478675,Agent/TCP/Newreno,1.789306,2.619903162783791,19.998834
572,6.5,0.0,0.06592704204385455,Agent/TCP/Newreno,4.151765,2.6144568498630396,19.999768
573,6.5,0.0,0.06592225186706457,Agent/TCP/Newreno,2.941793,2.617445304755689,19.998669
574,6.5,0.0,0.06593255469703119,Agent/TCP/Newreno,4.315978,2.6137145132102604,19.999772
575,6.5,0.1292267930217532,0.06782902451193062,Agent/TCP/Newreno,3.644943,2.3535248934257043,19.998558
576,6.5,0.0,0.06590249438202267,Agent/TCP/Newreno,0.204312,2.622717743998142,19.999473
577,6.5,0.3331373701744072,0.06830171941304793,Agent/TCP/Newreno,0.40192,2.1541768277296893,19.999197
578,6.5,0.10269049086054631,0.06671817474120066,Agent/TCP/Newreno,3.91631,2.510704635870139,19.998361
579,6.5,0.0,0.06590637690776363,Agent/TCP/Newreno,0.83714,2.62171269432576,19.998843
580,7.0,0.37541060534960113,0.06890557098692021,Agent/TCP/Newreno,3.028522,2.075843184600085,19.99859
581,7.0,0.0,0.06598124873353568,Agent/TCP/Newreno,1.149487,2.618267794180831,19.999568
582,7.0,0.0,0.06598483775811219,Agent/TCP/Newreno,1.646596,2.6172230246106256,19.99875
583,7.0,0.038789759503491075,0.06632974683297609,Agent/TCP/Newreno,3.355638,2.570562894063157,19.998592
584,7.0,0.0,0.0659845404099318,Agent/TCP/Newreno,0.900517,2.618146267210351,19.999343
585,7.0,0.0,0.06599017050610842,Agent/TCP/Newreno,1.749565,2.61697031143222,19.998576
586,7.0,0.0,0.06597978190603128,Agent/TCP/Newreno,0.899012,2.6183894120646714,19.999242
587,7.0,0.10734220695577501,0.06676648182604948,Agent/TCP/Newreno,4.492898,2.4901067219733664,19.999639
588,7.0,0.08837044892188052,0.06683440003554318,Agent/TCP/Newreno,1.209108,2.497734481919601,19.999512
589,7.0,0.0,0.06601138505629463,Agent/TCP/Newreno,4.40173,2.6105096117586277,19.999604
590,7.5,1.4063093880653743,0.07740075196540865,Agent/TCP/Newreno,4.604072,1.3965649589592746,19.998415
591,7.5,0.017614937466971993,0.06996426724442885,Agent/TCP/Newreno,0.712447,2.442936299047282,19.99927
592,7.5,1.947463768115942,0.08079005935422601,Agent/TCP/Newreno,3.540804,1.0920012539027235,19.998221
593,7.5,1.934156378600823,0.08140801933820364,Agent/TCP/Newreno,2.197614,1.1132650904301509,19.999807
594,7.5,0.1364256480218281,0.0695841028661174,Agent/TCP/Newreno,2.270574,2.399124017300342,19.998778
595,7.5,0.11911852293031568,0.07021021982414083,Agent/TCP/Newreno,2.186419,2.344303063530914,19.999133
596,7.5,0.17605633802816903,0.07118631348580448,Agent/TCP/Newreno,1.007165,2.23042857042056,19.997883
597,7.5,0.0,0.06993029665492968,Agent/TCP/Newreno,0.837677,2.4702766269551306,19.998608
598,7.5,2.4722502522704337,0.08430264724746149,Agent/TCP/Newreno,3.290009,0.9590523487450894,19.990161
599,7.5,0.05845674201091193,0.06992882252693419,Agent/TCP/Newreno,2.345879,2.411890630051769,19.997492
600,8.0,1.082731815657968,0.07783027296063894,Agent/TCP/Newreno,1.967172,1.6377326321610244,19.996977
601,8.0,1.6312594840667678,0.08137491413942508,Agent/TCP/Newreno,2.181293,1.207108742787381,19.998677
602,8.0,0.9298393913778529,0.0773680046202714,Agent/TCP/Newreno,3.233397,1.7381792670966631,19.996317
603,8.0,0.9612403100775194,0.07641890171755718,Agent/TCP/Newreno,4.20226,1.6750718070975952,19.997356
604,8.0,2.89490245437382,0.0865195296896087,Agent/TCP/Newreno,4.562695,0.829482382600822,19.999792
605,8.0,0.7807981492192019,0.07727159485815603,Agent/TCP/Newreno,3.737702,1.7513616559408909,19.999152
606,8.0,0.9961439588688945,0.07706637549407117,Agent/TCP/Newreno,4.30607,1.6321122037626692,19.996952
607,8.0,0.7113543091655267,0.07808994926122098,Agent/TCP/Newreno,2.590554,1.731079856370628,19.998971
608,8.0,2.808691043985162,0.08625127664399097,Agent/TCP/Newreno,2.918151,0.891485043541363,19.997428
609,8.0,0.6572769953051643,0.07710110105112283,Agent/TCP/Newreno,0.315914,1.7833051377013698,19.999814
610,8.5,1.5238879736408566,0.08192730644472919,Agent/TCP/Newreno,4.658588,1.2956240617239203,19.987232
611,8.5,1.668520578420467,0.08028056488255685,Agent/TCP/Newreno,1.588392,1.1966929687292067,19.998862
612,8.5,1.1856243052982587,0.08051742982456157,Agent/TCP/Newreno,4.287979,1.4076709860090175,19.998241
613,8.5,2.371732817037754,0.08369174795501018,Agent/TCP/Newreno,1.946236,0.9273834662958054,19.997194
614,8.5,1.2881965248651888,0.0796762807775377,Agent/TCP/Newreno,0.708474,1.4203572189530405,19.998044
615,8.5,1.106883431338637,0.08168128799715914,Agent/TCP/Newreno,3.405967,1.4294419964656269,19.994482
616,8.5,1.263537906137184,0.0840362609828744,Agent/TCP/Newreno,3.969743,1.413993519737076,19.998105
617,8.5,1.9455252918287937,0.08199365623582748,Agent/TCP/Newreno,3.686922,1.1553453556332058,19.998166
618,8.5,1.382306477093207,0.08340711024908111,Agent/TCP/Newreno,3.743786,1.2750567165178137,19.99831
619,8.5,1.2426648256817396,0.08023344171997147,Agent/TCP/Newreno,3.51301,1.4432794212528957,19.9886
620,9.0,2.2497704315886136,0.09108789227053134,Agent/TCP/Newreno,3.147471,1.0496636486170372,19.999193
621,9.0,2.604166666666667,0.09128245898852513,Agent/TCP/Newreno,0.664005,1.044457647204927,19.981514
622,9.0,2.498750624687656,0.08910667556029889,Agent/TCP/Newreno,4.680718,1.057488936400886,19.999422
623,9.0,2.601279317697228,0.08792292108843536,Agent/TCP/Newreno,0.574272,0.9770440790194098,19.998411
624,9.0,2.787286063569682,0.08981980062467453,Agent/TCP/Newreno,2.065579,0.9201938651028034,19.995366
625,9.0,1.885880077369439,0.08439732238504301,Agent/TCP/Newreno,4.996024,1.1214713538628704,19.997174
626,9.0,2.2308438409311346,0.08898579938744249,Agent/TCP/Newreno,4.164281,1.05680547992862,19.99675
627,9.0,2.5214321734745337,0.08750406994127054,Agent/TCP/Newreno,4.14277,1.0116641114305769,19.9991
628,9.0,1.8353174603174605,0.08953742107995849,Agent/TCP/Newreno,4.376333,1.0514095347045487,19.997268
629,9.0,2.4916147580258743,0.0866162305738951,Agent/TCP/Newreno,3.124719,1.0003779505834056,19.999941
630,9.5,5.5290102389078495,0.10677676127527201,Agent/TCP/Newreno,1.466525,0.6204378282021286,19.999502
631,9.5,5.136186770428015,0.10204774714662021,Agent/TCP/Newreno,3.701284,0.6214766071974048,19.994351
632,9.5,7.609988109393578,0.11954386685552398,Agent/TCP/Newreno,4.111684,0.4052647467596268,19.982001
633,9.5,5.35041446872645,0.09936509674657543,Agent/TCP/Newreno,3.302619,0.6246065982807213,19.993573
634,9.5,5.77568838146407,0.10479735883703148,Agent/TCP/Newreno,0.269058,0.5900540010933234,19.996066
635,9.5,6.171107994389901,0.10300754530744338,Agent/TCP/Newreno,0.686417,0.5747405584291777,19.998087
636,9.5,5.962264150943397,0.10351538734835361,Agent/TCP/Newreno,2.467521,0.5909350992077866,19.996891
637,9.5,5.625990491283677,0.10203034802158255,Agent/TCP/Newreno,4.270656,0.6268861146167647,19.998425
638,9.5,6.163194444444445,0.10298044691607677,Agent/TCP/Newreno,4.223591,0.5678477906293418,19.989506
639,9.5,5.013192612137203,0.09906035193452385,Agent/TCP/Newreno,1.004474,0.6287828549616649,19.992778
640,10.0,11.342894393741851,0.1388256188034188,Agent/TCP/Newreno,1.334419,0.3028167651444696,19.991246
641,10.0,17.22488038277512,0.16437474999999985,Agent/TCP/Newreno,0.686061,0.22208031132040953,19.981423
642,10.0,12.96043656207367,0.1458917803030304,Agent/TCP/Newreno,1.808458,0.2917088714465704,19.977806
643,10.0,12.60096930533118,0.14249905739514374,Agent/TCP/Newreno,4.0188,0.28132665171682625,19.989985
644,10.0,12.288786482334869,0.1505039684210526,Agent/TCP/Newreno,2.428617,0.2701860029690882,19.982154
645,10.0,12.556732223903177,0.15275813963039023,Agent/TCP/Newreno,1.406824,0.2582954638505466,19.99391
646,10.0,17.040358744394617,0.17910073287671252,Agent/TCP/Newreno,4.825087,0.20250579819925227,19.987122
647,10.0,14.309484193011649,0.15689459250585477,Agent/TCP/Newreno,2.726033,0.24780150617287527,19.985008
648,10.0,11.282843894899536,0.1461377233606556,Agent/TCP/Newreno,3.436614,0.2868537731278058,19.999199
649,10.0,13.005272407732866,0.15713636253041377,Agent/TCP/Newreno,4.541787,0.26536669280820474,19.999944
650,10.5,29.6875,0.3138690196078433,Agent/TCP/Newreno,2.443738,0.04129594541745366,19.9796
651,10.5,29.411764705882355,0.3226158977272728,Agent/TCP/Newreno,2.375601,0.07375038042422027,17.15844
652,10.5,32.35294117647059,0.36140863888888886,Agent/TCP/Newreno,1.117418,0.05024953704012644,19.999184
653,10.5,31.372549019607842,0.4911984761904761,Agent/TCP/Newreno,2.034419,0.03221053126235618,19.867096
654,10.5,31.092436974789916,0.8290762448979592,Agent/TCP/Newreno,4.518376,0.04388751299232853,19.881288
655,10.5,32.8125,1.0802849642857144,Agent/TCP/Newreno,3.378333,0.03152603362999256,14.472656
656,10.5,31.57894736842105,0.3515105185185185,Agent/TCP/Newreno,4.184968,0.07456872936440993,18.582424
657,10.5,31.799163179916317,0.36579961616161616,Agent/TCP/Newreno,0.47031,0.07112030196164286,19.42636
658,10.5,30.909090909090907,0.23293019607843146,Agent/TCP/Newreno,4.153776,0.04360838729433538,18.470288
659,10.5,30.597014925373134,0.5693075370370374,Agent/TCP/Newreno,3.017169,0.048901307498198356,18.676464
660,0.0,0.0,0.06568679742898567,Agent/TCP/Vegas,4.522844,2.499206560068313,19.999756
661,0.0,0.0,0.0656749060003357,Agent/TCP/Vegas,1.228267,2.508633553613302,19.992267
662,0.0,0.0,0.0656743597509631,Agent/TCP/Vegas,1.020587,2.5113957003624194,19.999675
663,0.0,0.0,0.06568762880537458,Agent/TCP/Vegas,4.720985,2.496818704966593,19.985209
664,0.0,0.0,0.06567603262189434,Agent/TCP/Vegas,1.59585,2.5075827841651623,19.984874
665,0.0,0.0,0.06568078015859187,Agent/TCP/Vegas,1.060538,2.5108391880155585,19.999226
666,0.0,0.0,0.06568598648371832,Agent/TCP/Vegas,4.359522,2.4983375108701207,19.998722
667,0.0,0.0,0.06567278523599061,Agent/TCP/Vegas,0.46238,2.5112665087212562,19.999932
668,0.0,0.0,0.06568082368470436,Agent/TCP/Vegas,3.006803,2.507769658248085,19.990819
669,0.0,0.0,0.06568493572435923,Agent/TCP/Vegas,4.06826,2.504273444149778,19.989844
670,0.5,0.0,0.0657027143435177,Agent/TCP/Vegas,4.139695,2.5014104797447034,19.999547
671,0.5,0.0,0.06569522441453238,Agent/TCP/Vegas,2.663576,2.5034645336754977,19.996356
672,0.5,0.0,0.06568987906047112,Agent/TCP/Vegas,0.83765,2.508411822101496,19.998778
673,0.5,0.0,0.06569310779939513,Agent/TCP/Vegas,2.100747,2.505255045156283,19.995931
674,0.5,0.0,0.06569034982450421,Agent/TCP/Vegas,0.874869,2.512719360081023,19.990414
675,0.5,0.0,0.06569096674212282,Agent/TCP/Vegas,1.648198,2.507041791495184,19.999707
676,0.5,0.0,0.06569820877565626,Agent/TCP/Vegas,1.927058,2.507273455763959,19.999279
677,0.5,0.0,0.06570163524745185,Agent/TCP/Vegas,3.051399,2.503576115864974,19.999955
678,0.5,0.0,0.06569760321953098,Agent/TCP/Vegas,1.926599,2.5071333399102795,19.99983
679,0.5,0.0,0.06570363721196153,Agent/TCP/Vegas,3.179476,2.503622083383124,19.999906
680,1.0,0.0,0.06570086850965876,Agent/TCP/Vegas,1.951563,2.50793661875025,19.999866
681,1.0,0.0,0.06570150887475032,Agent/TCP/Vegas,0.925799,2.509832080531888,19.999585
682,1.0,0.0,0.06569696449604709,Agent/TCP/Vegas,1.028324,2.506986458899549,19.999308
683,1.0,0.0,0.06570974439817782,Agent/TCP/Vegas,3.845144,2.49896083062208,19.992656
684,1.0,0.0,0.06571123749022842,Agent/TCP/Vegas,3.609484,2.501023636906425,19.999573
685,1.0,0.0,0.06570561873090237,Agent/TCP/Vegas,2.197098,2.5079112275368294,19.999961
686,1.0,0.0,0.0656982786215925,Agent/TCP/Vegas,0.457451,2.5095449960547844,19.998842
687,1.0,0.0,0.065707884697649,Agent/TCP/Vegas,3.498197,2.504992764917295,19.990061
688,1.0,0.0,0.06570998629395988,Agent/TCP/Vegas,2.246368,2.5073032981921077,19.999306
689,1.0,0.0,0.06570948181143436,Agent/TCP/Vegas,2.743335,2.505297505817318,19.999569
690,1.5,0.0,0.06571753473405371,Agent/TCP/Vegas,3.074781,2.503398980985205,19.998971
691,1.5,0.0,0.06572965501811309,Agent/TCP/Vegas,4.923492,2.49607451291824,19.999965
692,1.5,0.0,0.06572036352279854,Agent/TCP/Vegas,4.597901,2.4956276839345195,19.997634
693,1.5,0.0,0.06571006365071076,Agent/TCP/Vegas,1.784079,2.505389260746004,19.997616
694,1.5,0.0,0.06572411253411822,Agent/TCP/Vegas,4.711485,2.4945709264090454,19.999084
695,1.5,0.0,0.06571251009657647,Agent/TCP/Vegas,1.795881,2.506690119278173,19.999966
696,1.5,0.0,0.06572990962632141,Agent/TCP/Vegas,4.184169,2.5008469570436285,19.999611
697,1.5,0.0,0.06571405310713713,Agent/TCP/Vegas,2.642953,2.503315821799497,19.999133
698,1.5,0.0,0.0657135545547254,Agent/TCP/Vegas,1.184815,2.510412615588763,19.999252
699,1.5,0.0,0.06570948666339413,Agent/TCP/Vegas,0.486571,2.5108402730538795,19.998764
700,2.0,0.0,0.06572438700147694,Agent/TCP/Vegas,2.666912,2.5034978986645298,19.999461
701,2.0,0.0,0.06571683152000063,Agent/TCP/Vegas,0.04811,2.5117751993275466,19.99894
702,2.0,0.0,0.0657130590766177,Agent/TCP/Vegas,0.703228,2.509121711526148,19.999223
703,2.0,0.0,0.06571436697697162,Agent/TCP/Vegas,0.451589,2.509564337666547,19.999205
704,2.0,0.0,0.06572751234687943,Agent/TCP/Vegas,3.533599,2.4992718150014124,19.999195
705,2.0,0.0,0.06572260189485407,Agent/TCP/Vegas,2.779795,2.5019630814063922,19.995077
706,2.0,0.0,0.06571875831960455,Agent/TCP/Vegas,0.611048,2.510384373723777,19.999314
707,2.0,0.0,0.0657194100305593,Agent/TCP/Vegas,2.208976,2.5037769686918834,19.999698
708,2.0,0.0,0.06571655727963016,Agent/TCP/Vegas,0.663404,2.508954233824067,19.99895
709,2.0,0.0,0.06573546209940528,Agent/TCP/Vegas,3.296493,2.502061452693575,19.99952
710,2.5,0.0,0.06574751303127553,Agent/TCP/Vegas,3.988135,2.500176433813587,19.999805
711,2.5,0.0,0.06573085655029398,Agent/TCP/Vegas,1.491189,2.5087921461492453,19.9989
712,2.5,0.0,0.06574912716763043,Agent/TCP/Vegas,4.984038,2.495662128693501,19.998891
713,2.5,0.0,0.06573585369590235,Agent/TCP/Vegas,3.282042,2.4998676551209096,19.999727
714,2.5,0.0,0.065742235451368,Agent/TCP/Vegas,4.404114,2.495423688466053,19.997458
715,2.5,0.0,0.06574332192042867,Agent/TCP/Vegas,3.236249,2.5028350190719464,19.998041
716,2.5,0.0,0.06573532953887742,Agent/TCP/Vegas,3.385907,2.5015392351321077,19.999678
717,2.5,0.0,0.06574830678170161,Agent/TCP/Vegas,3.995717,2.5014109177288746,19.999485
718,2.5,0.0,0.06572676478339665,Agent/TCP/Vegas,0.608248,2.5100779329896037,19.998881
719,2.5,0.0,0.06574651665619158,Agent/TCP/Vegas,4.668548,2.4964790526216847,19.998939
720,3.0,0.0,0.06573782800345736,Agent/TCP/Vegas,1.490323,2.5086788282192,19.99887
721,3.0,0.0,0.06573737952323819,Agent/TCP/Vegas,1.356817,2.5077285692784153,19.999983
722,3.0,0.0,0.06575549493457139,Agent/TCP/Vegas,4.785483,2.49451334576471,19.999673
723,3.0,0.0,0.06573622730923709,Agent/TCP/Vegas,0.115624,2.5121367304041566,19.999892
724,3.0,0.0,0.06576207427961611,Agent/TCP/Vegas,4.928423,2.497112017490932,19.998632
725,3.0,0.0,0.06575261703870616,Agent/TCP/Vegas,4.323743,2.4971393324515776,19.99928
726,3.0,0.0,0.06575494417729484,Agent/TCP/Vegas,4.650473,2.493771110751143,19.997511
727,3.0,0.0,0.06575508363784012,Agent/TCP/Vegas,4.177883,2.4998890750069114,19.999385
728,3.0,0.0,0.06574298531095028,Agent/TCP/Vegas,3.216739,2.499692692480419,19.999602
729,3.0,0.0,0.0657342014829144,Agent/TCP/Vegas,0.178899,2.512296082812125,19.998219
730,3.5,0.0,0.06575333973522252,Agent/TCP/Vegas,2.828809,2.500709978913801,19.998333
731,3.5,0.0,0.06575564346069042,Agent/TCP/Vegas,2.554819,2.5052440506329408,19.999826
732,3.5,0.0,0.06575515751920939,Agent/TCP/Vegas,2.488614,2.5054791651806467,19.999037
733,3.5,0.0,0.06574258462564612,Agent/TCP/Vegas,0.844879,2.507544376806154,19.999874
734,3.5,0.0,0.06575037424214601,Agent/TCP/Vegas,2.586838,2.5011274656725253,19.999785
735,3.5,0.0,0.06576165284474378,Agent/TCP/Vegas,3.364197,2.502882565377677,19.997818
736,3.5,0.0,0.06576403710731596,Agent/TCP/Vegas,4.766492,2.493600563843632,19.999084
737,3.5,0.0,0.06574606941467423,Agent/TCP/Vegas,0.614022,2.51082714245823,19.998869
738,3.5,0.0,0.06574852721756176,Agent/TCP/Vegas,2.054372,2.506819441626365,19.999023
739,3.5,0.0,0.06574198405580464,Agent/TCP/Vegas,0.77609,2.506954181240323,19.999417
740,4.0,0.0385951370127364,0.06621874398758693,Agent/TCP/Vegas,3.232322,2.469716332132472,19.99862
741,4.0,0.0,0.06576660644440258,Agent/TCP/Vegas,2.79334,2.5033971853055603,19.99876
742,4.0,0.0,0.06577872321067521,Agent/TCP/Vegas,4.11216,2.499597950697268,19.999515
743,4.0,0.0,0.06577142014984214,Agent/TCP/Vegas,3.726945,2.499391621335287,19.999705
744,4.0,0.0,0.06576224804652014,Agent/TCP/Vegas,2.368722,2.504371106595443,19.998697
745,4.0,0.0,0.06575116028275506,Agent/TCP/Vegas,0.55918,2.5091452676072667,19.998469
746,4.0,0.0,0.06577667635619218,Agent/TCP/Vegas,4.303189,2.498903416911493,19.999674
747,4.0,0.0,0.06577365127556382,Agent/TCP/Vegas,4.766124,2.493696005563022,19.998133
748,4.0,0.0,0.06575927130852331,Agent/TCP/Vegas,1.350467,2.5069067016964404,19.999745
749,4.0,0.0,0.06577509310560246,Agent/TCP/Vegas,4.586982,2.493624491503561,19.999086
750,4.5,0.0,0.06578065884340917,Agent/TCP/Vegas,2.922436,2.5030135535982136,19.999451
751,4.5,0.0,0.06578592332591508,Agent/TCP/Vegas,4.121662,2.497608578834518,19.99925
752,4.5,0.0,0.06577544840116244,Agent/TCP/Vegas,2.365332,2.504275869578038,19.999172
753,4.5,0.0,0.06578675015550431,Agent/TCP/Vegas,4.515267,2.494071767858083,19.998382
754,4.5,0.0,0.06576876036709706,Agent/TCP/Vegas,1.178369,2.5073322679615195,19.999967
755,4.5,0.09056330374932077,0.06663314244080124,Agent/TCP/Vegas,1.845983,2.4278124892751687,19.99895
756,4.5,0.021285653469561516,0.06598356855614931,Agent/TCP/Vegas,4.673368,2.450152172118753,19.999763
757,4.5,0.0,0.06579448181818143,Agent/TCP/Vegas,4.790129,2.495380173654842,19.999034
758,4.5,0.01802451333813987,0.06601770099547512,Agent/TCP/Vegas,2.143217,2.4780042679602525,19.999522
759,4.5,0.0,0.0657723017022815,Agent/TCP/Vegas,2.33018,2.501468622415196,19.9998
760,5.0,0.02158894645941278,0.06608574441310455,Agent/TCP/Vegas,4.99115,2.4650723661869263,19.997606
761,5.0,0.017898693395382137,0.06585452588066157,Agent/TCP/Vegas,1.963772,2.472394999033319,19.999725
762,5.0,0.0,0.06579108023409468,Agent/TCP/Vegas,3.022039,2.4995343415589644,19.998001
763,5.0,0.0,0.06578039841461313,Agent/TCP/Vegas,1.448011,2.5046200223951756,19.999328
764,5.0,0.0,0.06580519423274991,Agent/TCP/Vegas,4.401916,2.494804200954837,19.999132
765,5.0,0.0,0.06578913038086788,Agent/TCP/Vegas,1.922911,2.504483890274706,19.99929
766,5.0,0.0,0.06578036488294327,Agent/TCP/Vegas,0.889626,2.5058655348409657,19.999989
767,5.0,0.018115942028985508,0.06584772093869394,Agent/TCP/Vegas,2.166379,2.473242753565282,19.998838
768,5.0,0.0,0.06578214973262018,Agent/TCP/Vegas,1.458586,2.5042957636292567,19.999527
769,5.0,0.0,0.0657942658598475,Agent/TCP/Vegas,3.570693,2.498051744853231,19.999496
770,5.5,0.0,0.06581996504653553,Agent/TCP/Vegas,4.460601,2.494099105169862,19.998075
771,5.5,0.0,0.0657880945146333,Agent/TCP/Vegas,0.024248,2.5088528531667733,19.998317
772,5.5,0.018964536317087048,0.06598850876190492,Agent/TCP/Vegas,2.882181,2.4573310092752214,19.99994
773,5.5,0.0,0.06580668491321748,Agent/TCP/Vegas,3.189286,2.4990961836133696,19.998563
774,5.5,0.021321961620469083,0.06610476494536079,Agent/TCP/Vegas,4.791837,2.463100186679005,19.998689
775,5.5,0.0806939681258826,0.06665264920828283,Agent/TCP/Vegas,3.520605,2.400686319565211,19.999226
776,5.5,0.05905511811023622,0.06645599050069287,Agent/TCP/Vegas,3.46529,2.451606387022501,19.999755
777,5.5,0.1005631536604988,0.06685617024291483,Agent/TCP/Vegas,3.419446,2.3893862420906165,19.999436
778,5.5,0.017190991920233798,0.06596381670693832,Agent/TCP/Vegas,1.165032,2.4676073437336887,19.99785
779,5.5,0.30549898167006106,0.06938367423265382,Agent/TCP/Vegas,4.499918,2.0170887365491397,19.999484
780,6.0,0.0,0.06582857514168469,Agent/TCP/Vegas,3.574891,2.496892736086755,19.998504
781,6.0,0.0675219446320054,0.06650295691263788,Agent/TCP/Vegas,0.66886,2.446272711297141,19.999493
782,6.0,0.0,0.06583353612092649,Agent/TCP/Vegas,3.645474,2.496789431595173,19.999276
783,6.0,0.0,0.06581558213716125,Agent/TCP/Vegas,1.933049,2.502580052198346,19.997606
784,6.0,0.0,0.06583164913689318,Agent/TCP/Vegas,4.001459,2.4954193864206307,19.99877
785,6.0,0.0836470096194061,0.06671236897495234,Agent/TCP/Vegas,4.064446,2.394781334687698,19.999095
786,6.0,0.0,0.06581577437079028,Agent/TCP/Vegas,1.935971,2.5026864518844856,19.99976
787,6.0,0.01757469244288225,0.06599478083642153,Agent/TCP/Vegas,1.566643,2.463366991066769,19.99995
788,6.0,0.0,0.06582726846673066,Agent/TCP/Vegas,3.356551,2.4985861934125864,19.999563
789,6.0,0.21072796934865898,0.06944729242365688,Agent/TCP/Vegas,0.90353,2.1772788674965877,19.998925
790,6.5,0.0,0.06584663295668548,Agent/TCP/Vegas,2.964191,2.498786502443813,19.99966
791,6.5,0.01896813353566009,0.06600759173175846,Agent/TCP/Vegas,2.860484,2.4557410269149518,19.999099
792,6.5,0.016385384237260363,0.06606339638157875,Agent/TCP/Vegas,0.355945,2.480639350073304,19.999268
793,6.5,0.12432656444260257,0.06831432609603322,Agent/TCP/Vegas,2.678399,2.2221093179865683,19.998879
794,6.5,0.03596475454055026,0.06624416910569116,Agent/TCP/Vegas,2.000528,2.4663600643458183,19.999522
795,6.5,0.035835871707579285,0.06611153365730749,Agent/TCP/Vegas,1.773411,2.4440735195136036,19.998722
796,6.5,0.0,0.06585723941693278,Agent/TCP/Vegas,3.907784,2.4953915242080384,19.998245
797,6.5,0.017167381974248927,0.06598365494657019,Agent/TCP/Vegas,1.273706,2.483689836787546,19.997461
798,6.5,0.04294610264118531,0.066246741956381,Agent/TCP/Vegas,4.628836,2.417568776773956,19.99965
799,6.5,0.4473272198613286,0.07247329580022721,Agent/TCP/Vegas,0.750287,1.8456862305354989,19.999496
800,7.0,0.017793594306049824,0.06611679221011241,Agent/TCP/Vegas,1.857768,2.473487130667834,19.998958
801,7.0,0.053342816500711245,0.06634847185992528,Agent/TCP/Vegas,1.685109,2.4506167685854954,19.998866
802,7.0,0.03540449637103912,0.06629906989151706,Agent/TCP/Vegas,1.47896,2.4352293050059903,19.997134
803,7.0,0.1806276811921427,0.06862286287015978,Agent/TCP/Vegas,4.125405,2.2231428617508544,19.998429
804,7.0,0.0,0.06590274554554573,Agent/TCP/Vegas,3.938522,2.4934625059148754,19.999722
805,7.0,0.0,0.0659019103407054,Agent/TCP/Vegas,3.861429,2.4938558432331477,19.997085
806,7.0,0.0180635838150289,0.06612138944313463,Agent/TCP/Vegas,2.127267,2.472612814078674,19.999859
807,7.0,0.0,0.06587009082141114,Agent/TCP/Vegas,0.100502,2.50553274156271,19.998865
808,7.0,0.06960153123368715,0.06655928598915514,Agent/TCP/Vegas,1.158846,2.4344844531701724,19.998153
809,7.0,1.2864918357248887,0.09622375141825722,Agent/TCP/Vegas,4.381814,1.0162585358641876,19.999887
810,7.5,0.020222446916076844,0.06770286814303123,Agent/TCP/Vegas,3.609969,2.4085050885100605,19.998558
811,7.5,0.0,0.06750887861848708,Agent/TCP/Vegas,3.510676,2.4351913534452936,19.998908
812,7.5,0.0757002271006813,0.06928246250475861,Agent/TCP/Vegas,1.459923,2.27367587993015,19.999065
813,7.5,0.0,0.06752000222897703,Agent/TCP/Vegas,3.74361,2.434416177251683,19.997199
814,7.5,0.0,0.06757967948503582,Agent/TCP/Vegas,0.36679,2.441198929800556,19.999766
815,7.5,0.044385264092321346,0.06778844352678602,Agent/TCP/Vegas,4.915075,2.3828317844993023,19.999648
816,7.5,0.020751193193608634,0.06759120517097607,Agent/TCP/Vegas,4.044311,2.4108703778593044,19.998715
817,7.5,0.019704433497536946,0.06773025197941415,Agent/TCP/Vegas,3.162864,2.4057336572972297,19.999308
818,7.5,0.0,0.06741355980948922,Agent/TCP/Vegas,2.089892,2.4429177635331314,19.999623
819,7.5,0.0,0.06761331460093074,Agent/TCP/Vegas,0.934391,2.43850138122996,19.998559
820,8.0,1.3565217391304347,0.08688907825459807,Agent/TCP/Vegas,1.686294,1.237127385405861,19.999687
821,8.0,0.5422726152329307,0.07889459934853453,Agent/TCP/Vegas,0.04535,1.6137699279286337,19.998628
822,8.0,3.1393888656341566,0.08818908972046914,Agent/TCP/Vegas,0.045223,0.924684154799185,19.995819
823,8.0,2.4736267733721355,0.0827517780779621,Agent/TCP/Vegas,1.660956,1.164468463394095,19.997219
824,8.0,0.39473684210526316,0.0736269431994673,Agent/TCP/Vegas,0.825495,1.8919578957998138,19.997169
825,8.0,0.4413472706155633,0.07360233733804479,Agent/TCP/Vegas,1.431756,1.8433801248676738,19.99765
826,8.0,0.7331378299120235,0.07702706141402017,Agent/TCP/Vegas,2.546972,1.5475011163059276,19.999625
827,8.0,0.9852216748768473,0.08603413468697141,Agent/TCP/Vegas,1.829409,1.3226114046395088,19.999523
828,8.0,0.2692514808831448,0.07967071424679911,Agent/TCP/Vegas,1.949626,1.6372702817327074,19.999181
829,8.0,0.3714020427112349,0.07350190082256236,Agent/TCP/Vegas,1.849407,1.8875736534479572,19.997573
830,8.5,0.3541912632821724,0.07444267423111324,Agent/TCP/Vegas,2.839472,1.5703882957580164,19.997012
831,8.5,0.5356186395286556,0.07663293887530574,Agent/TCP/Vegas,0.394153,1.5126936245033922,19.998916
832,8.5,2.5507548152004165,0.09084192678868565,Agent/TCP/Vegas,4.947096,0.9916009011073497,19.993472
833,8.5,0.3855278766310795,0.0765589882918038,Agent/TCP/Vegas,2.371018,1.52083428948055,19.998185
834,8.5,4.963600264725347,0.10154474236783333,Agent/TCP/Vegas,1.908431,0.6354983351359772,19.985583
835,8.5,0.32983508245877063,0.0758233437405276,Agent/TCP/Vegas,2.724119,1.5361618911787687,19.99834
836,8.5,0.3303303303303303,0.07595659204131233,Agent/TCP/Vegas,2.239228,1.4916575470083588,19.996655
837,8.5,1.6012199771254287,0.07929679381443298,Agent/TCP/Vegas,4.50359,1.3279441106943644,19.998218
838,8.5,3.7735849056603774,0.09075098360655727,Agent/TCP/Vegas,3.430435,0.8352853501330301,19.999623
839,8.5,1.956521739130435,0.08287480919854277,Agent/TCP/Vegas,4.365527,1.198323463106982,19.419893
840,9.0,3.4329307056579785,0.09501612024879068,Agent/TCP/Vegas,4.254515,0.769401355307602,19.996624
841,9.0,4.553314121037464,0.09550198209718667,Agent/TCP/Vegas,2.578417,0.759548486539942,19.999293
842,9.0,1.8510546706844595,0.08185572955974864,Agent/TCP/Vegas,3.159536,1.080731664838033,19.999979
843,9.0,1.3123359580052494,0.08234239326453023,Agent/TCP/Vegas,4.672096,0.979157477007121,19.999559
844,9.0,1.8544935805991443,0.0842009078226209,Agent/TCP/Vegas,4.022616,1.0321509900179706,19.997023
845,9.0,2.6708918062471705,0.08628475374215364,Agent/TCP/Vegas,2.710562,0.9926073887241421,19.998364
846,9.0,0.8136381247578458,0.08063842681962023,Agent/TCP/Vegas,0.389715,1.0423110994709504,19.999983
847,9.0,1.160443995963673,0.08208035446985439,Agent/TCP/Vegas,4.187217,0.9891722949031253,19.998416
848,9.0,2.3150249659555153,0.08471717689357612,Agent/TCP/Vegas,3.54658,1.0439555997952203,19.999387
849,9.0,1.1148812409112943,0.08484051172069848,Agent/TCP/Vegas,3.098629,0.9633972369080793,19.997162
850,9.5,4.133180252583238,0.09445002586750793,Agent/TCP/Vegas,0.720421,0.691218842999292,19.990729
851,9.5,4.171855541718555,0.09302260576923074,Agent/TCP/Vegas,2.914998,0.7184098134593189,19.99717
852,9.5,5.2774018944519625,0.10040326590038316,Agent/TCP/Vegas,1.492663,0.6035239464932357,19.997314
853,9.5,4.854368932038835,0.10126351435810813,Agent/TCP/Vegas,3.191335,0.6055338150112047,19.996342
854,9.5,4.292751583391977,0.0939832049883087,Agent/TCP/Vegas,4.751754,0.7120857000649903,19.99711
855,9.5,3.7292025243832474,0.09280697062499994,Agent/TCP/Vegas,0.735918,0.694790163922512,19.999288
856,9.5,3.2947976878612715,0.09054660062305286,Agent/TCP/Vegas,0.621996,0.6894828728790208,19.998837
857,9.5,5.116279069767442,0.09697503295880147,Agent/TCP/Vegas,2.974137,0.6681916347294246,19.999193
858,9.5,5.226258763543658,0.09862275233981278,Agent/TCP/Vegas,2.330644,0.6703892900781252,19.992024
859,9.5,5.019815059445178,0.09944110545998497,Agent/TCP/Vegas,2.487482,0.6560727217320776,19.997736
860,10.0,11.235955056179774,0.13546096774193547,Agent/TCP/Vegas,3.601674,0.2673828428285347,19.99764
861,10.0,14.391143911439114,0.15789263487738425,Agent/TCP/Vegas,0.559608,0.19151907908215926,19.941489
862,10.0,14.507772020725387,0.1632639795918368,Agent/TCP/Vegas,3.436442,0.23796333853132487,19.976805
863,10.0,17.56440281030445,0.22418947286821717,Agent/TCP/Vegas,0.60006,0.14474413330068686,19.99981
864,10.0,11.533420707732635,0.170878610526316,Agent/TCP/Vegas,0.601453,0.2775727602548802,19.998169
865,10.0,10.901162790697674,0.1548592281368822,Agent/TCP/Vegas,2.600958,0.2812887721583964,19.978118
866,10.0,14.80865224625624,0.1447382282878412,Agent/TCP/Vegas,2.770632,0.23606946204509574,19.985904
867,10.0,14.234234234234233,0.16137312466124665,Agent/TCP/Vegas,0.246345,0.19248391834852444,19.988254
868,10.0,18.181818181818183,0.16628148898678433,Agent/TCP/Vegas,4.245259,0.16834544842033414,19.97482
869,10.0,10.912052117263844,0.15172477087794436,Agent/TCP/Vegas,4.920862,0.29059721446366615,19.979506
870,10.5,27.906976744186046,0.22023471681415926,Agent/TCP/Vegas,2.206349,0.08363646399194481,19.997632
871,10.5,27.43362831858407,0.20642628571428553,Agent/TCP/Vegas,3.151192,0.03942212927573856,19.791592
872,10.5,37.93103448275862,0.6774288571428573,Agent/TCP/Vegas,0.016716,0.015939334891403315,18.085224
873,10.5,24.342105263157894,0.26839020270270275,Agent/TCP/Vegas,0.177741,0.06348353330301304,14.669688
874,10.5,22.06896551724138,0.19424323489932882,Agent/TCP/Vegas,2.52295,0.10357957965252486,19.978128
875,10.5,25.157232704402517,0.3251574285714286,Agent/TCP/Vegas,3.472006,0.05665060557439538,19.994336
876,10.5,21.115537848605577,0.22716841726618703,Agent/TCP/Vegas,2.053462,0.08862120510740117,19.927288
877,10.5,24.2320819112628,0.2292380928571428,Agent/TCP/Vegas,1.077635,0.09721515262368424,19.346392
878,10.5,31.61290322580645,0.359978290909091,Agent/TCP/Vegas,0.146674,0.04923898478039239,17.3688
879,10.5,25.0,0.22085194949494955,Agent/TCP/Vegas,0.965649,0.06900956041197556,18.354544
